Sample	0	1	2	3	4	5	6	7	8	9	10	11	12	13	14	15	16	17	18	19	20	21	22	23	24	25	26	27	28	29	30	31	32	33	34	35	36	37	38	39	40	41	42	43	44	45	46	47	48	49	50	51	52	53	54	55	56	57	58	59	60	61	62	63	64	65	66	67	68	69	70	71	72	73
SRR16013048_1.fastq.gz - illumina_universal_adapter	(1, 0.0)	(2, 0.0)	(3, 0.0)	(4, 0.0)	(5, 0.0)	(6, 0.0)	(7, 0.0)	(8, 0.001)	(9, 0.001)	(10, 0.001)	(12, 0.001)	(14, 0.002)	(16, 0.0035)	(18, 0.004)	(20, 0.004)	(22, 0.0045000000000000005)	(24, 0.005)	(26, 0.0055)	(28, 0.007)	(30, 0.0075)	(32, 0.0085)	(34, 0.011)	(36, 0.016)	(38, 0.02)	(40, 0.026500000000000003)	(42, 0.035500000000000004)	(44, 0.0455)	(46, 0.055999999999999994)	(48, 0.0685)	(50, 0.08399999999999999)	(52, 0.10600000000000001)	(54, 0.1245)	(56, 0.1565)	(58, 0.19)	(60, 0.2345)	(62, 0.301)	(64, 0.3815)	(66, 0.4515)	(68, 0.5635)	(70, 0.7005)	(72, 0.8815)	(74, 1.0805)	(76, 1.3215)	(78, 1.577)	(80, 1.8805)	(82, 2.2515)	(84, 2.7489999999999997)	(86, 3.2845)	(88, 3.894)	(90, 4.5605)	(92, 5.3505)	(94, 6.2995)	(96, 7.3015)	(98, 8.388)	(100, 9.566500000000001)	(102, 10.828)	(104, 12.1825)	(106, 13.588000000000001)	(108, 15.0195)	(110, 16.441)	(112, 17.894)	(114, 19.484)	(116, 21.061)	(118, 22.7825)	(120, 24.4665)	(122, 26.023)	(124, 27.7775)	(126, 29.473)	(128, 31.128999999999998)	(130, 32.6555)	(132, 34.197500000000005)	(134, 35.7655)	(136, 37.272)	(138, 38.7455)
SRR16013048_1.fastq.gz - polya	(1, 0.022)	(2, 0.028)	(3, 0.045)	(4, 0.063)	(5, 0.067)	(6, 0.073)	(7, 0.078)	(8, 0.093)	(9, 0.117)	(10, 0.128)	(12, 0.1385)	(14, 0.1525)	(16, 0.1615)	(18, 0.1735)	(20, 0.187)	(22, 0.197)	(24, 0.2105)	(26, 0.23)	(28, 0.243)	(30, 0.258)	(32, 0.2695)	(34, 0.289)	(36, 0.303)	(38, 0.3195)	(40, 0.335)	(42, 0.3465)	(44, 0.36)	(46, 0.3745)	(48, 0.382)	(50, 0.392)	(52, 0.3995)	(54, 0.411)	(56, 0.4225)	(58, 0.4355)	(60, 0.4425)	(62, 0.452)	(64, 0.4585)	(66, 0.4685)	(68, 0.48)	(70, 0.4895)	(72, 0.5)	(74, 0.508)	(76, 0.5125)	(78, 0.52)	(80, 0.531)	(82, 0.5375000000000001)	(84, 0.5455000000000001)	(86, 0.5589999999999999)	(88, 0.5694999999999999)	(90, 0.5765)	(92, 0.583)	(94, 0.592)	(96, 0.6045)	(98, 0.613)	(100, 0.617)	(102, 0.623)	(104, 0.6395)	(106, 0.6475)	(108, 0.6605000000000001)	(110, 0.6665000000000001)	(112, 0.674)	(114, 0.676)	(116, 0.682)	(118, 0.6904999999999999)	(120, 0.6944999999999999)	(122, 0.7004999999999999)	(124, 0.704)	(126, 0.7095)	(128, 0.726)	(130, 0.735)	(132, 0.74)	(134, 0.744)	(136, 0.7484999999999999)	(138, 0.753)
SRR16013048_1.fastq.gz - polyg	(1, 0.0)	(2, 0.0)	(3, 0.0)	(4, 0.0)	(5, 0.0)	(6, 0.0)	(7, 0.0)	(8, 0.0)	(9, 0.0)	(10, 0.0)	(12, 0.0)	(14, 0.0)	(16, 0.0)	(18, 0.0)	(20, 0.0)	(22, 0.0)	(24, 0.0)	(26, 0.0)	(28, 0.0)	(30, 0.0)	(32, 0.002)	(34, 0.002)	(36, 0.003)	(38, 0.003)	(40, 0.003)	(42, 0.003)	(44, 0.003)	(46, 0.003)	(48, 0.003)	(50, 0.003)	(52, 0.003)	(54, 0.003)	(56, 0.003)	(58, 0.003)	(60, 0.003)	(62, 0.0035)	(64, 0.004)	(66, 0.004)	(68, 0.004)	(70, 0.010499999999999999)	(72, 0.012)	(74, 0.013)	(76, 0.0135)	(78, 0.014)	(80, 0.015)	(82, 0.015)	(84, 0.016)	(86, 0.0175)	(88, 0.0185)	(90, 0.019)	(92, 0.0195)	(94, 0.02)	(96, 0.020999999999999998)	(98, 0.024)	(100, 0.0245)	(102, 0.025500000000000002)	(104, 0.0285)	(106, 0.033)	(108, 0.039)	(110, 0.047)	(112, 0.055499999999999994)	(114, 0.065)	(116, 0.0785)	(118, 0.0905)	(120, 0.1105)	(122, 0.138)	(124, 0.1595)	(126, 0.192)	(128, 0.22899999999999998)	(130, 0.28049999999999997)	(132, 0.35350000000000004)	(134, 0.442)	(136, 0.532)	(138, 0.642)
SRR16013048_1.trimmed.fastq.gz - polya	(1, 0.02388085623724545)	(2, 0.027137336633233467)	(3, 0.040163258217185534)	(4, 0.054274673266466934)	(5, 0.057531153662454954)	(6, 0.06295862098910164)	(7, 0.06621510138508967)	(8, 0.07815552950371239)	(9, 0.09986539881029916)	(10, 0.11017758673092787)	(12, 0.11994702791889193)	(14, 0.13405844296817332)	(16, 0.14111415049281403)	(18, 0.14925535148278407)	(20, 0.16390951326473013)	(22, 0.17422170118535885)	(24, 0.18833311623464027)	(26, 0.20624375841257436)	(28, 0.2198124267291911)	(30, 0.23283834831314315)	(32, 0.2426077895011072)	(34, 0.26377491207502934)	(36, 0.2778863271243107)	(38, 0.2947114758369155)	(40, 0.31153662454952025)	(42, 0.3229343059354783)	(44, 0.33650297425209497)	(46, 0.3516998827667057)	(48, 0.35929833702401115)	(50, 0.3690677782119751)	(52, 0.37503799227128654)	(54, 0.38426468672658587)	(56, 0.3967478615778733)	(58, 0.40977378316182533)	(60, 0.4162867439538014)	(62, 0.4255134384091008)	(64, 0.4309409057357475)	(66, 0.4396248534583822)	(68, 0.45102253484434024)	(70, 0.45970648256697494)	(72, 0.46839043028960964)	(74, 0.47381789761625637)	(76, 0.4781598714775737)	(78, 0.4852155790022144)	(80, 0.4944422734575138)	(82, 0.5004124875168252)	(84, 0.5085536885067952)	(86, 0.5221223568234119)	(88, 0.5313490512787113)	(90, 0.5362337718726933)	(92, 0.5416612391993401)	(94, 0.5487169467239807)	(96, 0.5601146281099387)	(98, 0.5677130823672442)	(100, 0.5720550562285616)	(102, 0.5785680170205376)	(104, 0.5943076722678129)	(106, 0.6029916199904477)	(108, 0.6165602883070644)	(110, 0.6225305023663757)	(112, 0.6285007164256872)	(114, 0.6306717033563458)	(116, 0.6371846641483219)	(118, 0.6447831184056272)	(120, 0.6485823455342798)	(122, 0.6540098128609266)	(124, 0.6567235465242499)	(126, 0.6605227736529027)	(128, 0.6702922148408667)	(130, 0.6784334158308367)	(132, 0.682775389692154)	(134, 0.6865746168208067)	(136, 0.6898310972167947)	(138, 0.6925448308801181)
SRR16013048_2.fastq.gz - illumina_universal_adapter	(1, 0.0)	(2, 0.0)	(3, 0.0)	(4, 0.0)	(5, 0.0)	(6, 0.0)	(7, 0.0)	(8, 0.001)	(9, 0.001)	(10, 0.001)	(12, 0.001)	(14, 0.001)	(16, 0.0015)	(18, 0.002)	(20, 0.002)	(22, 0.0025)	(24, 0.003)	(26, 0.0035)	(28, 0.005)	(30, 0.0055)	(32, 0.006500000000000001)	(34, 0.009000000000000001)	(36, 0.014)	(38, 0.018000000000000002)	(40, 0.024)	(42, 0.0315)	(44, 0.041499999999999995)	(46, 0.053000000000000005)	(48, 0.066)	(50, 0.08249999999999999)	(52, 0.10600000000000001)	(54, 0.1255)	(56, 0.1555)	(58, 0.188)	(60, 0.23149999999999998)	(62, 0.29600000000000004)	(64, 0.376)	(66, 0.44899999999999995)	(68, 0.5635)	(70, 0.7005)	(72, 0.8765000000000001)	(74, 1.0695)	(76, 1.3050000000000002)	(78, 1.5554999999999999)	(80, 1.851)	(82, 2.2175000000000002)	(84, 2.715)	(86, 3.2489999999999997)	(88, 3.847)	(90, 4.5184999999999995)	(92, 5.302)	(94, 6.223000000000001)	(96, 7.2145)	(98, 8.268)	(100, 9.427499999999998)	(102, 10.6775)	(104, 12.0075)	(106, 13.3935)	(108, 14.806000000000001)	(110, 16.1985)	(112, 17.619500000000002)	(114, 19.2035)	(116, 20.756)	(118, 22.445500000000003)	(120, 24.0815)	(122, 25.606)	(124, 27.34)	(126, 28.996000000000002)	(128, 30.614)	(130, 32.1145)	(132, 33.6455)	(134, 35.196)	(136, 36.673)	(138, 38.1385)
SRR16013048_2.fastq.gz - polya	(1, 0.023)	(2, 0.032)	(3, 0.069)	(4, 0.1)	(5, 0.138)	(6, 0.178)	(7, 0.229)	(8, 0.289)	(9, 0.339)	(10, 0.41800000000000004)	(12, 0.525)	(14, 0.646)	(16, 0.7725)	(18, 0.8975)	(20, 1.0125)	(22, 1.1484999999999999)	(24, 1.3094999999999999)	(26, 1.634)	(28, 2.1075)	(30, 2.2880000000000003)	(32, 2.4645)	(34, 2.6414999999999997)	(36, 2.83)	(38, 3.0084999999999997)	(40, 3.17)	(42, 3.34)	(44, 3.5055)	(46, 3.645)	(48, 3.8015)	(50, 3.9415)	(52, 4.064500000000001)	(54, 4.183999999999999)	(56, 4.2825)	(58, 4.372)	(60, 4.467499999999999)	(62, 4.546)	(64, 4.6370000000000005)	(66, 4.737)	(68, 4.8525)	(70, 4.9315)	(72, 5.010999999999999)	(74, 5.0945)	(76, 5.1805)	(78, 5.255)	(80, 5.336)	(82, 5.4115)	(84, 5.4735)	(86, 5.537)	(88, 5.6155)	(90, 5.6915)	(92, 5.765000000000001)	(94, 5.85)	(96, 5.9190000000000005)	(98, 5.9775)	(100, 6.0355)	(102, 6.104)	(104, 6.160500000000001)	(106, 6.22)	(108, 6.2669999999999995)	(110, 6.3185)	(112, 6.3740000000000006)	(114, 6.428)	(116, 6.477)	(118, 6.5355)	(120, 6.5845)	(122, 6.6355)	(124, 6.6899999999999995)	(126, 6.7295)	(128, 6.766500000000001)	(130, 6.804)	(132, 6.849)	(134, 6.899)	(136, 6.9345)	(138, 6.9885)
SRR16013048_2.fastq.gz - polyg	(1, 4.99)	(2, 5.069)	(3, 5.07)	(4, 5.071)	(5, 5.071)	(6, 5.075)	(7, 5.078)	(8, 5.084)	(9, 5.096)	(10, 5.109500000000001)	(12, 5.1395)	(14, 5.1505)	(16, 5.153499999999999)	(18, 5.155)	(20, 5.155)	(22, 5.155)	(24, 5.155)	(26, 5.155)	(28, 5.156)	(30, 5.157)	(32, 5.157)	(34, 5.157)	(36, 5.157)	(38, 5.157500000000001)	(40, 5.158)	(42, 5.158)	(44, 5.1585)	(46, 5.159)	(48, 5.159)	(50, 5.1594999999999995)	(52, 5.16)	(54, 5.16)	(56, 5.16)	(58, 5.16)	(60, 5.16)	(62, 5.16)	(64, 5.16)	(66, 5.16)	(68, 5.16)	(70, 5.1615)	(72, 5.162)	(74, 5.162)	(76, 5.162)	(78, 5.162)	(80, 5.162)	(82, 5.162)	(84, 5.1635)	(86, 5.1645)	(88, 5.165)	(90, 5.167)	(92, 5.1685)	(94, 5.169)	(96, 5.169499999999999)	(98, 5.1715)	(100, 5.173)	(102, 5.1754999999999995)	(104, 5.177)	(106, 5.179)	(108, 5.18)	(110, 5.1835)	(112, 5.1865000000000006)	(114, 5.1955)	(116, 5.2044999999999995)	(118, 5.2125)	(120, 5.223)	(122, 5.236)	(124, 5.247)	(126, 5.2645)	(128, 5.282)	(130, 5.307)	(132, 5.333)	(134, 5.3655)	(136, 5.4175)	(138, 5.479)
SRR16013048_2.trimmed.fastq.gz - polya	(1, 0.020624375841257436)	(2, 0.030393817029221483)	(3, 0.05861664712778429)	(4, 0.08683947722634709)	(5, 0.11940428118622726)	(6, 0.15848204593808346)	(7, 0.20081629108592766)	(8, 0.25183448395640656)	(9, 0.2974252095002388)	(10, 0.36364031088532844)	(12, 0.45753549563631624)	(14, 0.5606573748426035)	(16, 0.6529243193955973)	(18, 0.7441057704832617)	(20, 0.8211758065216448)	(22, 0.9063870435499979)	(24, 0.9877990534496982)	(26, 1.1023186140419434)	(28, 1.2466892449307456)	(30, 1.3004211714645477)	(32, 1.3639225391863141)	(34, 1.432851374234727)	(36, 1.490382527897182)	(38, 1.5376014936390083)	(40, 1.5766792583908646)	(42, 1.61684251660805)	(44, 1.6575485215579002)	(46, 1.6868568451217922)	(48, 1.7308193304676305)	(50, 1.7622986409621815)	(52, 1.7916069645260735)	(54, 1.8241717684859537)	(56, 1.836654943337241)	(58, 1.8491381181885285)	(60, 1.8654205201684686)	(62, 1.8773609482870914)	(64, 1.897442577395684)	(66, 1.911011245712301)	(68, 1.9278363944249057)	(70, 1.937063088880205)	(72, 1.9506317571968217)	(74, 1.9576874647214624)	(76, 1.969627892840085)	(78, 1.9821110676913725)	(80, 1.9924232556120012)	(82, 2.004906430463288)	(84, 2.0201033389778993)	(86, 2.040184968086492)	(88, 2.05158264947245)	(90, 2.0640658243237375)	(92, 2.0765489991750252)	(94, 2.09337414788763)	(96, 2.104229082540923)	(98, 2.1112847900655636)	(100, 2.1243107116495157)	(102, 2.1395076201641263)	(104, 2.15036255481742)	(106, 2.1612174894707135)	(108, 2.169358690460683)	(110, 2.176957144717989)	(112, 2.1840128522426294)	(114, 2.193239546697929)	(116, 2.2051799748165513)	(118, 2.2100646954105336)	(120, 2.2154921627371804)	(122, 2.2230906169944857)	(124, 2.226347097390474)	(126, 2.2312318179844555)	(128, 2.2399157657070905)	(130, 2.2458859797664017)	(132, 2.251856193825713)	(134, 2.258911901350354)	(136, 2.262168381746342)	(138, 2.267053102340324)
SRR16013048_2.trimmed.fastq.gz - polyg	(1, 0.5633711085059268)	(2, 0.5829099908818549)	(3, 0.5829099908818549)	(4, 0.5829099908818549)	(5, 0.5829099908818549)	(6, 0.5861664712778429)	(7, 0.5872519647431722)	(8, 0.5872519647431722)	(9, 0.589422951673831)	(10, 0.5899656984064956)	(12, 0.5910511918718249)	(14, 0.592679432069819)	(16, 0.592679432069819)	(18, 0.592679432069819)	(20, 0.592679432069819)	(22, 0.592679432069819)	(24, 0.592679432069819)	(26, 0.592679432069819)	(28, 0.592679432069819)	(30, 0.592679432069819)	(32, 0.592679432069819)	(34, 0.592679432069819)	(36, 0.592679432069819)	(38, 0.592679432069819)	(40, 0.592679432069819)	(42, 0.592679432069819)	(44, 0.592679432069819)	(46, 0.592679432069819)	(48, 0.592679432069819)	(50, 0.592679432069819)	(52, 0.592679432069819)	(54, 0.592679432069819)	(56, 0.592679432069819)	(58, 0.592679432069819)	(60, 0.592679432069819)	(62, 0.592679432069819)	(64, 0.592679432069819)	(66, 0.592679432069819)	(68, 0.592679432069819)	(70, 0.592679432069819)	(72, 0.592679432069819)	(74, 0.592679432069819)	(76, 0.592679432069819)	(78, 0.592679432069819)	(80, 0.592679432069819)	(82, 0.592679432069819)	(84, 0.592679432069819)	(86, 0.592679432069819)	(88, 0.592679432069819)	(90, 0.5937649255351483)	(92, 0.5937649255351483)	(94, 0.5937649255351483)	(96, 0.5937649255351483)	(98, 0.5937649255351483)	(100, 0.5937649255351483)	(102, 0.5937649255351483)	(104, 0.5937649255351483)	(106, 0.5948504190004776)	(108, 0.5948504190004776)	(110, 0.5948504190004776)	(112, 0.5948504190004776)	(114, 0.5964786591984717)	(116, 0.5981068993964657)	(118, 0.5981068993964657)	(120, 0.5986496461291303)	(122, 0.5991923928617949)	(124, 0.5991923928617949)	(126, 0.5991923928617949)	(128, 0.5997351395944597)	(130, 0.6013633797924537)	(132, 0.6013633797924537)	(134, 0.6013633797924537)	(136, 0.6013633797924537)	(138, 0.6013633797924537)
SRR16013050_1.fastq.gz - illumina_universal_adapter	(1, 0.0)	(2, 0.0)	(3, 0.0)	(4, 0.0)	(5, 0.0)	(6, 0.001)	(7, 0.001)	(8, 0.001)	(9, 0.001)	(10, 0.002)	(12, 0.003)	(14, 0.003)	(16, 0.003)	(18, 0.0035)	(20, 0.004)	(22, 0.004)	(24, 0.004)	(26, 0.004)	(28, 0.004)	(30, 0.004)	(32, 0.005)	(34, 0.007)	(36, 0.0085)	(38, 0.010499999999999999)	(40, 0.0135)	(42, 0.015)	(44, 0.0175)	(46, 0.024)	(48, 0.0385)	(50, 0.052000000000000005)	(52, 0.063)	(54, 0.08549999999999999)	(56, 0.1125)	(58, 0.14400000000000002)	(60, 0.181)	(62, 0.22999999999999998)	(64, 0.29100000000000004)	(66, 0.35550000000000004)	(68, 0.432)	(70, 0.5565)	(72, 0.6995)	(74, 0.8795)	(76, 1.109)	(78, 1.3050000000000002)	(80, 1.5765)	(82, 1.907)	(84, 2.2915)	(86, 2.7225)	(88, 3.1685)	(90, 3.725)	(92, 4.3575)	(94, 5.1365)	(96, 5.9805)	(98, 6.944)	(100, 8.0235)	(102, 9.1005)	(104, 10.307500000000001)	(106, 11.584)	(108, 12.896999999999998)	(110, 14.3015)	(112, 15.7725)	(114, 17.439)	(116, 18.994)	(118, 20.55)	(120, 22.131999999999998)	(122, 23.674)	(124, 25.3235)	(126, 27.0)	(128, 28.643500000000003)	(130, 30.1785)	(132, 31.7405)	(134, 33.3095)	(136, 34.9355)	(138, 36.55)
SRR16013050_1.fastq.gz - polya	(1, 0.008)	(2, 0.015)	(3, 0.026)	(4, 0.044)	(5, 0.046)	(6, 0.058)	(7, 0.068)	(8, 0.075)	(9, 0.09)	(10, 0.1115)	(12, 0.124)	(14, 0.1325)	(16, 0.14200000000000002)	(18, 0.1485)	(20, 0.159)	(22, 0.16949999999999998)	(24, 0.1805)	(26, 0.193)	(28, 0.20450000000000002)	(30, 0.2155)	(32, 0.2285)	(34, 0.241)	(36, 0.2575)	(38, 0.2675)	(40, 0.278)	(42, 0.292)	(44, 0.3055)	(46, 0.31)	(48, 0.314)	(50, 0.3165)	(52, 0.3245)	(54, 0.3295)	(56, 0.334)	(58, 0.3405)	(60, 0.3495)	(62, 0.36)	(64, 0.3635)	(66, 0.3695)	(68, 0.3775)	(70, 0.3815)	(72, 0.3895)	(74, 0.398)	(76, 0.4125)	(78, 0.4215)	(80, 0.4275)	(82, 0.4305)	(84, 0.434)	(86, 0.44)	(88, 0.445)	(90, 0.45)	(92, 0.455)	(94, 0.4645)	(96, 0.4705)	(98, 0.479)	(100, 0.4875)	(102, 0.496)	(104, 0.5015000000000001)	(106, 0.512)	(108, 0.5215000000000001)	(110, 0.5285)	(112, 0.5335000000000001)	(114, 0.539)	(116, 0.5425)	(118, 0.55)	(120, 0.554)	(122, 0.555)	(124, 0.5585)	(126, 0.5645)	(128, 0.567)	(130, 0.5725)	(132, 0.579)	(134, 0.5814999999999999)	(136, 0.5825)	(138, 0.5885)
SRR16013050_1.fastq.gz - polyg	(1, 0.0)	(2, 0.0)	(3, 0.0)	(4, 0.0)	(5, 0.0)	(6, 0.0)	(7, 0.0)	(8, 0.0)	(9, 0.0)	(10, 0.001)	(12, 0.001)	(14, 0.001)	(16, 0.0015)	(18, 0.002)	(20, 0.002)	(22, 0.003)	(24, 0.003)	(26, 0.003)	(28, 0.003)	(30, 0.003)	(32, 0.003)	(34, 0.003)	(36, 0.003)	(38, 0.003)	(40, 0.004)	(42, 0.004)	(44, 0.004)	(46, 0.004)	(48, 0.0045000000000000005)	(50, 0.005)	(52, 0.005)	(54, 0.005)	(56, 0.005)	(58, 0.005)	(60, 0.005)	(62, 0.005)	(64, 0.005)	(66, 0.005)	(68, 0.005)	(70, 0.006500000000000001)	(72, 0.007)	(74, 0.0075)	(76, 0.009)	(78, 0.009)	(80, 0.0095)	(82, 0.011)	(84, 0.011)	(86, 0.011)	(88, 0.011)	(90, 0.012)	(92, 0.0135)	(94, 0.015)	(96, 0.015)	(98, 0.015)	(100, 0.015)	(102, 0.016)	(104, 0.019)	(106, 0.0205)	(108, 0.023)	(110, 0.028)	(112, 0.0305)	(114, 0.035)	(116, 0.040999999999999995)	(118, 0.0555)	(120, 0.0675)	(122, 0.0865)	(124, 0.10550000000000001)	(126, 0.131)	(128, 0.16399999999999998)	(130, 0.20750000000000002)	(132, 0.257)	(134, 0.3185)	(136, 0.389)	(138, 0.47050000000000003)
SRR16013050_1.trimmed.fastq.gz - polya	(1, 0.0063603790785930845)	(2, 0.011660694977420654)	(3, 0.022261326775075793)	(4, 0.03710221129179299)	(5, 0.03922233765132402)	(6, 0.048762906269213646)	(7, 0.056183348527572244)	(8, 0.06360379078593084)	(9, 0.07314435940382047)	(10, 0.09169546504971696)	(12, 0.10176606525748935)	(14, 0.11024657069561346)	(16, 0.11978713931350309)	(18, 0.12614751839209618)	(20, 0.13621811859986854)	(22, 0.14681875039752368)	(24, 0.15847944537494435)	(26, 0.17067017194224776)	(28, 0.18074077215002013)	(30, 0.1924014671274408)	(32, 0.20512222528462695)	(34, 0.21572285708228212)	(36, 0.23268386795853033)	(38, 0.24169440498653721)	(40, 0.25017491042466133)	(42, 0.263955731761613)	(44, 0.2761464583289164)	(46, 0.2809167426378612)	(48, 0.2851569953569233)	(50, 0.28780715330633705)	(52, 0.29628765874446117)	(54, 0.30158797464328874)	(56, 0.30635825895223356)	(58, 0.3132486696207094)	(60, 0.32119914346895073)	(62, 0.3307397120868404)	(64, 0.33391990162613694)	(66, 0.3397502491148472)	(68, 0.34823075455297137)	(70, 0.3514109440922679)	(72, 0.3588313863506265)	(74, 0.3673118917887506)	(76, 0.3789725867661713)	(78, 0.38745309220429536)	(80, 0.3932834396930057)	(82, 0.39593359764241953)	(84, 0.3991137871817161)	(86, 0.40388407149066086)	(88, 0.40918438738948837)	(90, 0.414484703288316)	(92, 0.41925498759726076)	(94, 0.42773549303538494)	(96, 0.434095872113978)	(98, 0.44310640914198485)	(100, 0.4510568829902262)	(102, 0.4584773252485848)	(104, 0.4637776411474124)	(106, 0.4743782729450675)	(108, 0.48391884156295717)	(110, 0.4881590942820192)	(112, 0.49133928382131575)	(114, 0.4945194733606123)	(116, 0.4971696313100261)	(118, 0.5045900735683846)	(120, 0.5088303262874467)	(122, 0.5098903894672122)	(124, 0.5136006105963915)	(126, 0.5199609896749846)	(128, 0.5215510844446329)	(130, 0.5273814319333432)	(132, 0.5337418110119363)	(134, 0.5358619373714674)	(136, 0.5369220005512328)	(138, 0.5427523480399432)
SRR16013050_2.fastq.gz - illumina_universal_adapter	(1, 0.0)	(2, 0.0)	(3, 0.0)	(4, 0.0)	(5, 0.0)	(6, 0.0)	(7, 0.0)	(8, 0.0)	(9, 0.0)	(10, 0.001)	(12, 0.002)	(14, 0.002)	(16, 0.002)	(18, 0.0025)	(20, 0.003)	(22, 0.003)	(24, 0.003)	(26, 0.0035)	(28, 0.004)	(30, 0.004)	(32, 0.005)	(34, 0.007)	(36, 0.0085)	(38, 0.011)	(40, 0.0155)	(42, 0.017)	(44, 0.0195)	(46, 0.026000000000000002)	(48, 0.0395)	(50, 0.053000000000000005)	(52, 0.0645)	(54, 0.086)	(56, 0.11349999999999999)	(58, 0.14600000000000002)	(60, 0.1825)	(62, 0.22899999999999998)	(64, 0.29000000000000004)	(66, 0.35550000000000004)	(68, 0.431)	(70, 0.5505)	(72, 0.688)	(74, 0.8665)	(76, 1.092)	(78, 1.2865000000000002)	(80, 1.5590000000000002)	(82, 1.887)	(84, 2.262)	(86, 2.6870000000000003)	(88, 3.1355000000000004)	(90, 3.6895)	(92, 4.3215)	(94, 5.0925)	(96, 5.931)	(98, 6.868)	(100, 7.934)	(102, 9.0085)	(104, 10.1955)	(106, 11.449)	(108, 12.738)	(110, 14.120000000000001)	(112, 15.5745)	(114, 17.2225)	(116, 18.7665)	(118, 20.3005)	(120, 21.8515)	(122, 23.368499999999997)	(124, 24.991999999999997)	(126, 26.639)	(128, 28.265500000000003)	(130, 29.774500000000003)	(132, 31.314)	(134, 32.867999999999995)	(136, 34.459)	(138, 36.054500000000004)
SRR16013050_2.fastq.gz - polya	(1, 0.027)	(2, 0.038)	(3, 0.062)	(4, 0.085)	(5, 0.114)	(6, 0.135)	(7, 0.171)	(8, 0.216)	(9, 0.272)	(10, 0.32999999999999996)	(12, 0.4165)	(14, 0.534)	(16, 0.648)	(18, 0.727)	(20, 0.806)	(22, 0.929)	(24, 1.073)	(26, 1.3715000000000002)	(28, 1.7690000000000001)	(30, 1.9144999999999999)	(32, 2.064)	(34, 2.1879999999999997)	(36, 2.3325)	(38, 2.4605)	(40, 2.5730000000000004)	(42, 2.691)	(44, 2.793)	(46, 2.9035)	(48, 3.015)	(50, 3.1144999999999996)	(52, 3.198)	(54, 3.2735)	(56, 3.3525)	(58, 3.4314999999999998)	(60, 3.5)	(62, 3.5725)	(64, 3.6535)	(66, 3.7409999999999997)	(68, 3.8125)	(70, 3.872)	(72, 3.9445)	(74, 4.003)	(76, 4.0525)	(78, 4.1165)	(80, 4.163)	(82, 4.2065)	(84, 4.2495)	(86, 4.2989999999999995)	(88, 4.3445)	(90, 4.399)	(92, 4.4559999999999995)	(94, 4.5055)	(96, 4.5565)	(98, 4.604)	(100, 4.641)	(102, 4.686999999999999)	(104, 4.725)	(106, 4.7605)	(108, 4.7885)	(110, 4.827500000000001)	(112, 4.8605)	(114, 4.8865)	(116, 4.920999999999999)	(118, 4.952)	(120, 4.993)	(122, 5.024)	(124, 5.062)	(126, 5.0920000000000005)	(128, 5.114000000000001)	(130, 5.1605)	(132, 5.1985)	(134, 5.2295)	(136, 5.263)	(138, 5.301)
SRR16013050_2.fastq.gz - polyg	(1, 3.548)	(2, 3.611)	(3, 3.611)	(4, 3.612)	(5, 3.615)	(6, 3.617)	(7, 3.619)	(8, 3.624)	(9, 3.629)	(10, 3.6445)	(12, 3.665)	(14, 3.6765)	(16, 3.681)	(18, 3.681)	(20, 3.682)	(22, 3.682)	(24, 3.682)	(26, 3.682)	(28, 3.682)	(30, 3.682)	(32, 3.682)	(34, 3.683)	(36, 3.683)	(38, 3.683)	(40, 3.683)	(42, 3.683)	(44, 3.683)	(46, 3.683)	(48, 3.684)	(50, 3.684)	(52, 3.684)	(54, 3.684)	(56, 3.684)	(58, 3.6845)	(60, 3.685)	(62, 3.686)	(64, 3.686)	(66, 3.686)	(68, 3.686)	(70, 3.686)	(72, 3.686)	(74, 3.686)	(76, 3.686)	(78, 3.686)	(80, 3.6864999999999997)	(82, 3.6895)	(84, 3.6905)	(86, 3.6915)	(88, 3.692)	(90, 3.6935000000000002)	(92, 3.694)	(94, 3.695)	(96, 3.695)	(98, 3.6955)	(100, 3.696)	(102, 3.6965000000000003)	(104, 3.697)	(106, 3.6975)	(108, 3.6985)	(110, 3.7)	(112, 3.7035)	(114, 3.705)	(116, 3.7115)	(118, 3.7165)	(120, 3.7215)	(122, 3.732)	(124, 3.7455)	(126, 3.7560000000000002)	(128, 3.7664999999999997)	(130, 3.7889999999999997)	(132, 3.8115)	(134, 3.846)	(136, 3.879)	(138, 3.92)
SRR16013050_2.trimmed.fastq.gz - polya	(1, 0.02650157949413785)	(2, 0.038162274471558504)	(3, 0.05936353806686879)	(4, 0.08162486484194457)	(5, 0.11024657069561346)	(6, 0.1293277079313927)	(7, 0.16006954014459263)	(8, 0.19823181461615114)	(9, 0.24699472088536475)	(10, 0.2931074692051646)	(12, 0.359891449530392)	(14, 0.4584773252485848)	(16, 0.5438124112197087)	(18, 0.6074162020056395)	(20, 0.656709139864736)	(22, 0.7420442258358598)	(24, 0.8194288379587423)	(26, 0.9349757245531833)	(28, 1.06695359043399)	(30, 1.1130663387537898)	(32, 1.1522886764051137)	(34, 1.1899209192867894)	(36, 1.241333983505417)	(38, 1.280556321156741)	(40, 1.3059978374711134)	(42, 1.3330294485551337)	(44, 1.3574109016897409)	(46, 1.3812623232344647)	(48, 1.4077639027286026)	(50, 1.4310852926834439)	(52, 1.454406682638285)	(54, 1.4713676935145337)	(56, 1.4835584200818368)	(58, 1.498399304598554)	(60, 1.5148302838849195)	(62, 1.533381389530816)	(64, 1.5471622108677678)	(66, 1.5657133165136643)	(68, 1.5779040430809677)	(70, 1.5895647380583884)	(72, 1.6081158437042848)	(74, 1.6197765386817053)	(76, 1.6314372336591263)	(78, 1.6462781181758432)	(80, 1.6595289079229123)	(82, 1.6653592554116226)	(84, 1.6711896029003328)	(86, 1.6828502978777535)	(88, 1.692920898085526)	(90, 1.7029914982932983)	(92, 1.7130620985010707)	(94, 1.7215426039391948)	(96, 1.7342633620963808)	(98, 1.7453940254839186)	(100, 1.7491042466130982)	(102, 1.7554646256916913)	(104, 1.7618250047702844)	(106, 1.7665952890792291)	(108, 1.7703055102084084)	(110, 1.7750757945173534)	(112, 1.7787860156465325)	(114, 1.782496236775712)	(116, 1.786206457904891)	(118, 1.7904467106239532)	(120, 1.7941569317531325)	(122, 1.795216994932898)	(124, 1.8010473424216085)	(126, 1.8079377530900842)	(128, 1.8142981321686773)	(130, 1.8206585112472704)	(132, 1.8248987639663325)	(134, 1.829669048275277)	(136, 1.8376195221235185)	(138, 1.843449869612229)
SRR16013050_2.trimmed.fastq.gz - polyg	(1, 0.48868912587190194)	(2, 0.5024699472088536)	(3, 0.5024699472088536)	(4, 0.5035300103886191)	(5, 0.5045900735683847)	(6, 0.5056501367481502)	(7, 0.5056501367481502)	(8, 0.5077702631076813)	(9, 0.5077702631076813)	(10, 0.5098903894672122)	(12, 0.512540547416626)	(14, 0.5162507685458053)	(16, 0.5162507685458053)	(18, 0.5162507685458053)	(20, 0.5162507685458053)	(22, 0.5162507685458053)	(24, 0.5162507685458053)	(26, 0.5162507685458053)	(28, 0.5162507685458053)	(30, 0.5162507685458053)	(32, 0.5162507685458053)	(34, 0.5162507685458053)	(36, 0.5162507685458053)	(38, 0.5162507685458053)	(40, 0.5162507685458053)	(42, 0.5162507685458053)	(44, 0.5162507685458053)	(46, 0.5162507685458053)	(48, 0.5162507685458053)	(50, 0.5162507685458053)	(52, 0.5162507685458053)	(54, 0.5162507685458053)	(56, 0.5162507685458053)	(58, 0.5162507685458053)	(60, 0.5162507685458053)	(62, 0.5162507685458053)	(64, 0.5162507685458053)	(66, 0.5162507685458053)	(68, 0.5162507685458053)	(70, 0.5162507685458053)	(72, 0.5162507685458053)	(74, 0.5162507685458053)	(76, 0.5162507685458053)	(78, 0.5162507685458053)	(80, 0.5162507685458053)	(82, 0.5162507685458053)	(84, 0.5162507685458053)	(86, 0.5162507685458053)	(88, 0.5162507685458053)	(90, 0.5162507685458053)	(92, 0.5162507685458053)	(94, 0.5162507685458053)	(96, 0.5162507685458053)	(98, 0.5162507685458053)	(100, 0.5162507685458053)	(102, 0.5162507685458053)	(104, 0.5162507685458053)	(106, 0.5162507685458053)	(108, 0.5162507685458053)	(110, 0.5162507685458053)	(112, 0.5162507685458053)	(114, 0.5162507685458053)	(116, 0.5183708949053364)	(118, 0.5189009264952191)	(120, 0.5194309580851019)	(122, 0.5194309580851019)	(124, 0.5194309580851019)	(126, 0.5194309580851019)	(128, 0.5199609896749846)	(130, 0.5204910212648673)	(132, 0.5204910212648673)	(134, 0.5204910212648673)	(136, 0.5204910212648673)	(138, 0.5204910212648673)
SRR16013054_1.fastq.gz - illumina_universal_adapter	(1, 0.0)	(2, 0.0)	(3, 0.0)	(4, 0.001)	(5, 0.001)	(6, 0.001)	(7, 0.001)	(8, 0.001)	(9, 0.002)	(10, 0.002)	(12, 0.002)	(14, 0.002)	(16, 0.002)	(18, 0.0025)	(20, 0.003)	(22, 0.003)	(24, 0.004)	(26, 0.004)	(28, 0.006)	(30, 0.0075)	(32, 0.0095)	(34, 0.013)	(36, 0.015)	(38, 0.0165)	(40, 0.019)	(42, 0.0235)	(44, 0.035500000000000004)	(46, 0.0455)	(48, 0.0595)	(50, 0.08149999999999999)	(52, 0.101)	(54, 0.1175)	(56, 0.14750000000000002)	(58, 0.197)	(60, 0.243)	(62, 0.313)	(64, 0.39649999999999996)	(66, 0.5105)	(68, 0.638)	(70, 0.7809999999999999)	(72, 0.9955)	(74, 1.238)	(76, 1.5265)	(78, 1.8279999999999998)	(80, 2.1814999999999998)	(82, 2.5955000000000004)	(84, 3.145)	(86, 3.7445)	(88, 4.428000000000001)	(90, 5.2065)	(92, 6.1165)	(94, 7.1690000000000005)	(96, 8.317499999999999)	(98, 9.503499999999999)	(100, 10.8155)	(102, 12.183499999999999)	(104, 13.693999999999999)	(106, 15.1785)	(108, 16.6735)	(110, 18.167499999999997)	(112, 19.745)	(114, 21.408)	(116, 23.0875)	(118, 24.822499999999998)	(120, 26.598)	(122, 28.273)	(124, 29.9755)	(126, 31.7195)	(128, 33.29900000000001)	(130, 34.906499999999994)	(132, 36.483000000000004)	(134, 38.113)	(136, 39.678)	(138, 41.204499999999996)
SRR16013054_1.fastq.gz - polya	(1, 0.016)	(2, 0.022)	(3, 0.038)	(4, 0.048)	(5, 0.058)	(6, 0.067)	(7, 0.076)	(8, 0.097)	(9, 0.114)	(10, 0.1355)	(12, 0.14250000000000002)	(14, 0.157)	(16, 0.16949999999999998)	(18, 0.1825)	(20, 0.1945)	(22, 0.202)	(24, 0.212)	(26, 0.23399999999999999)	(28, 0.245)	(30, 0.255)	(32, 0.263)	(34, 0.272)	(36, 0.2915)	(38, 0.3005)	(40, 0.31)	(42, 0.33)	(44, 0.347)	(46, 0.352)	(48, 0.362)	(50, 0.3735)	(52, 0.3815)	(54, 0.39)	(56, 0.397)	(58, 0.4115)	(60, 0.422)	(62, 0.4325)	(64, 0.4415)	(66, 0.4495)	(68, 0.453)	(70, 0.4625)	(72, 0.469)	(74, 0.4795)	(76, 0.4915)	(78, 0.5055000000000001)	(80, 0.515)	(82, 0.5205)	(84, 0.532)	(86, 0.5535000000000001)	(88, 0.566)	(90, 0.5774999999999999)	(92, 0.5865)	(94, 0.599)	(96, 0.6085)	(98, 0.6174999999999999)	(100, 0.625)	(102, 0.631)	(104, 0.641)	(106, 0.6465000000000001)	(108, 0.6565000000000001)	(110, 0.661)	(112, 0.671)	(114, 0.677)	(116, 0.6825000000000001)	(118, 0.692)	(120, 0.6944999999999999)	(122, 0.705)	(124, 0.7095)	(126, 0.718)	(128, 0.725)	(130, 0.7304999999999999)	(132, 0.7324999999999999)	(134, 0.7395)	(136, 0.7464999999999999)	(138, 0.752)
SRR16013054_1.fastq.gz - polyg	(1, 0.0)	(2, 0.0)	(3, 0.0)	(4, 0.001)	(5, 0.001)	(6, 0.001)	(7, 0.001)	(8, 0.001)	(9, 0.001)	(10, 0.001)	(12, 0.001)	(14, 0.001)	(16, 0.001)	(18, 0.001)	(20, 0.001)	(22, 0.001)	(24, 0.001)	(26, 0.001)	(28, 0.001)	(30, 0.001)	(32, 0.001)	(34, 0.001)	(36, 0.001)	(38, 0.001)	(40, 0.001)	(42, 0.001)	(44, 0.001)	(46, 0.001)	(48, 0.001)	(50, 0.001)	(52, 0.001)	(54, 0.001)	(56, 0.001)	(58, 0.0015)	(60, 0.002)	(62, 0.002)	(64, 0.002)	(66, 0.002)	(68, 0.002)	(70, 0.009999999999999998)	(72, 0.011)	(74, 0.012)	(76, 0.012)	(78, 0.013999999999999999)	(80, 0.017)	(82, 0.0185)	(84, 0.019)	(86, 0.019)	(88, 0.019)	(90, 0.02)	(92, 0.02)	(94, 0.02)	(96, 0.021)	(98, 0.0225)	(100, 0.0245)	(102, 0.026500000000000003)	(104, 0.03)	(106, 0.0325)	(108, 0.035500000000000004)	(110, 0.0385)	(112, 0.041999999999999996)	(114, 0.05499999999999999)	(116, 0.069)	(118, 0.08349999999999999)	(120, 0.108)	(122, 0.133)	(124, 0.1545)	(126, 0.1825)	(128, 0.23349999999999999)	(130, 0.2915)	(132, 0.361)	(134, 0.45299999999999996)	(136, 0.5685)	(138, 0.7115)
SRR16013054_1.trimmed.fastq.gz - polya	(1, 0.01401330185730147)	(2, 0.020480979637594456)	(3, 0.03665017408832692)	(4, 0.0441957981653354)	(5, 0.05174142224234388)	(6, 0.06036499261606787)	(7, 0.07006650928650734)	(8, 0.0873136500339553)	(9, 0.10456079078140328)	(10, 0.12450279727063998)	(12, 0.12827560930914422)	(14, 0.1412109648697302)	(16, 0.15199042783688516)	(18, 0.1654647565458289)	(20, 0.17732216580969937)	(22, 0.1843288167383501)	(24, 0.19349136026043184)	(26, 0.21343336674966853)	(28, 0.223134883420108)	(30, 0.23283640009054749)	(32, 0.2409209973159137)	(34, 0.25008354083799544)	(36, 0.26786965473380114)	(38, 0.2770321982558829)	(40, 0.28565576862960684)	(42, 0.30559777511884356)	(44, 0.3212279964212183)	(46, 0.3266177279047958)	(48, 0.3357802714268775)	(50, 0.34763768069074796)	(52, 0.3551833047677565)	(54, 0.3643458482898382)	(56, 0.37189147236684666)	(58, 0.3864437473725059)	(60, 0.39668423719130314)	(62, 0.40800267330681583)	(64, 0.4166262436805398)	(66, 0.42471084090590605)	(68, 0.42794467979605255)	(70, 0.4371072233181343)	(72, 0.44195798165335404)	(74, 0.450581552027078)	(76, 0.46028306869751745)	(78, 0.4710625316646725)	(80, 0.47699123629660767)	(82, 0.4823809677801852)	(84, 0.4926214575989824)	(86, 0.5147193566816501)	(88, 0.5276547122422361)	(90, 0.5384341752093911)	(92, 0.5475967187314728)	(94, 0.5578372085502701)	(96, 0.5664607789239939)	(98, 0.5756233224460757)	(100, 0.5831689465230843)	(102, 0.5896366243033773)	(104, 0.5993381409738168)	(106, 0.6041888993090364)	(108, 0.6122734965344027)	(110, 0.6160463085729069)	(112, 0.624669878946631)	(114, 0.6300596104302083)	(116, 0.6349103687654281)	(118, 0.6440729122875098)	(120, 0.6446118854358676)	(122, 0.6526964826612338)	(124, 0.6548523752546648)	(126, 0.6623979993316733)	(128, 0.669404650260324)	(130, 0.6753333548922593)	(132, 0.6774892474856903)	(134, 0.6839569252659833)	(136, 0.6915025493429917)	(138, 0.6968922808265692)
SRR16013054_2.fastq.gz - illumina_universal_adapter	(1, 0.0)	(2, 0.0)	(3, 0.0)	(4, 0.001)	(5, 0.001)	(6, 0.001)	(7, 0.001)	(8, 0.001)	(9, 0.002)	(10, 0.002)	(12, 0.002)	(14, 0.002)	(16, 0.002)	(18, 0.0025)	(20, 0.003)	(22, 0.003)	(24, 0.004)	(26, 0.004)	(28, 0.006)	(30, 0.0075)	(32, 0.0095)	(34, 0.013)	(36, 0.013999999999999999)	(38, 0.0155)	(40, 0.018000000000000002)	(42, 0.0225)	(44, 0.0345)	(46, 0.0455)	(48, 0.0595)	(50, 0.08099999999999999)	(52, 0.101)	(54, 0.119)	(56, 0.14950000000000002)	(58, 0.201)	(60, 0.2495)	(62, 0.319)	(64, 0.401)	(66, 0.5145)	(68, 0.6445000000000001)	(70, 0.7865)	(72, 0.9975)	(74, 1.2389999999999999)	(76, 1.5230000000000001)	(78, 1.822)	(80, 2.172)	(82, 2.584)	(84, 3.1275000000000004)	(86, 3.7165)	(88, 4.4015)	(90, 5.1625)	(92, 6.0615000000000006)	(94, 7.0875)	(96, 8.2135)	(98, 9.375499999999999)	(100, 10.649000000000001)	(102, 11.975)	(104, 13.459499999999998)	(106, 14.9145)	(108, 16.390500000000003)	(110, 17.8655)	(112, 19.4225)	(114, 21.067500000000003)	(116, 22.722)	(118, 24.427500000000002)	(120, 26.1755)	(122, 27.8095)	(124, 29.4835)	(126, 31.1985)	(128, 32.75)	(130, 34.332499999999996)	(132, 35.8745)	(134, 37.4885)	(136, 39.028999999999996)	(138, 40.5345)
SRR16013054_2.fastq.gz - polya	(1, 0.025)	(2, 0.028)	(3, 0.055)	(4, 0.082)	(5, 0.101)	(6, 0.13)	(7, 0.153)	(8, 0.205)	(9, 0.251)	(10, 0.3145)	(12, 0.39149999999999996)	(14, 0.47250000000000003)	(16, 0.556)	(18, 0.6455)	(20, 0.7404999999999999)	(22, 0.8605)	(24, 0.9844999999999999)	(26, 1.2565)	(28, 1.637)	(30, 1.794)	(32, 1.96)	(34, 2.1205)	(36, 2.261)	(38, 2.3975)	(40, 2.542)	(42, 2.682)	(44, 2.807)	(46, 2.9345)	(48, 3.053)	(50, 3.181)	(52, 3.27)	(54, 3.3705)	(56, 3.4669999999999996)	(58, 3.5475000000000003)	(60, 3.6310000000000002)	(62, 3.721)	(64, 3.827)	(66, 3.911)	(68, 3.9945000000000004)	(70, 4.064)	(72, 4.1345)	(74, 4.189)	(76, 4.2645)	(78, 4.3295)	(80, 4.401)	(82, 4.458)	(84, 4.5255)	(86, 4.595)	(88, 4.6555)	(90, 4.7165)	(92, 4.792)	(94, 4.8645)	(96, 4.92)	(98, 4.974)	(100, 5.032)	(102, 5.0760000000000005)	(104, 5.1295)	(106, 5.1675)	(108, 5.213)	(110, 5.2585)	(112, 5.3025)	(114, 5.3535)	(116, 5.405)	(118, 5.452)	(120, 5.491)	(122, 5.5275)	(124, 5.5675)	(126, 5.607)	(128, 5.6415)	(130, 5.6825)	(132, 5.731)	(134, 5.7745)	(136, 5.8065)	(138, 5.84)
SRR16013054_2.fastq.gz - polyg	(1, 4.435)	(2, 4.516)	(3, 4.517)	(4, 4.519)	(5, 4.521)	(6, 4.527)	(7, 4.537)	(8, 4.548)	(9, 4.558)	(10, 4.5805)	(12, 4.606999999999999)	(14, 4.615)	(16, 4.619)	(18, 4.6225000000000005)	(20, 4.624)	(22, 4.624)	(24, 4.624499999999999)	(26, 4.625)	(28, 4.626)	(30, 4.6265)	(32, 4.627)	(34, 4.627)	(36, 4.628)	(38, 4.628)	(40, 4.628)	(42, 4.629)	(44, 4.629)	(46, 4.629)	(48, 4.629)	(50, 4.629)	(52, 4.6295)	(54, 4.63)	(56, 4.63)	(58, 4.63)	(60, 4.63)	(62, 4.63)	(64, 4.63)	(66, 4.632)	(68, 4.634)	(70, 4.6355)	(72, 4.636)	(74, 4.6370000000000005)	(76, 4.64)	(78, 4.6419999999999995)	(80, 4.646)	(82, 4.6495)	(84, 4.6530000000000005)	(86, 4.659)	(88, 4.6594999999999995)	(90, 4.661)	(92, 4.662)	(94, 4.6705)	(96, 4.678000000000001)	(98, 4.689500000000001)	(100, 4.7059999999999995)	(102, 4.7195)	(104, 4.7325)	(106, 4.746)	(108, 4.7645)	(110, 4.7885)	(112, 4.818)	(114, 4.8675)	(116, 4.926)	(118, 4.9955)	(120, 5.083)	(122, 5.208)	(124, 5.356)	(126, 5.5135000000000005)	(128, 5.714499999999999)	(130, 5.905)	(132, 6.1575)	(134, 6.4275)	(136, 6.766500000000001)	(138, 7.172)
SRR16013054_2.trimmed.fastq.gz - polya	(1, 0.023714818527740947)	(2, 0.02694865741788744)	(3, 0.04958552964891289)	(4, 0.07114445558322284)	(5, 0.08623570373723981)	(6, 0.11318436115512726)	(7, 0.13150944819929072)	(8, 0.1746273000679106)	(9, 0.20912158156280655)	(10, 0.2549342991732152)	(12, 0.3158382649376408)	(14, 0.38267093533400165)	(16, 0.4451918205435005)	(18, 0.5114855177915036)	(20, 0.5702335909624983)	(22, 0.6467677780292986)	(24, 0.710366609535513)	(26, 0.8052258836464767)	(28, 0.899007211460725)	(30, 0.948592741109638)	(32, 0.9938664855716888)	(34, 1.0412961226271706)	(36, 1.0709396457868468)	(38, 1.1054339272817428)	(40, 1.1399282087766387)	(42, 1.1711886513813883)	(44, 1.1965203893542025)	(46, 1.2202352078819434)	(48, 1.242333106964611)	(50, 1.2708986838275718)	(52, 1.2956914486520281)	(54, 1.3210231866248425)	(56, 1.3468938977460143)	(58, 1.3619851459000314)	(60, 1.3808492060925524)	(62, 1.4007912125817892)	(64, 1.4169604070325217)	(66, 1.4309737088898231)	(68, 1.448220849637271)	(70, 1.46762388297815)	(72, 1.4854099968739558)	(74, 1.4945725403960375)	(76, 1.5069689228082657)	(78, 1.5199042783688517)	(80, 1.5393073117097305)	(82, 1.5473919089350967)	(84, 1.5624831570891138)	(86, 1.583503109875066)	(88, 1.5964384654356518)	(90, 1.6082958746995224)	(92, 1.6255430154469703)	(94, 1.6422511830460607)	(96, 1.6557255117550045)	(98, 1.6665049747221592)	(100, 1.6740505987991678)	(102, 1.6805182765794608)	(104, 1.6896808201015425)	(106, 1.6966874710301934)	(108, 1.7063889877006329)	(110, 1.7144735849259989)	(112, 1.7220192090030075)	(114, 1.7290258599316584)	(116, 1.7365714840086668)	(118, 1.7478899201241793)	(120, 1.7586693830913345)	(122, 1.761903221981481)	(124, 1.765676034019985)	(126, 1.7694488460584894)	(128, 1.77645549698714)	(130, 1.7834621479157908)	(132, 1.7899298256960838)	(134, 1.7947805840313036)	(136, 1.79801442292145)	(138, 1.8017872349599542)
SRR16013054_2.trimmed.fastq.gz - polyg	(1, 0.4042298612683116)	(2, 0.4160872705321821)	(3, 0.41716521682889757)	(4, 0.41716521682889757)	(5, 0.41716521682889757)	(6, 0.41716521682889757)	(7, 0.41716521682889757)	(8, 0.42039905571904407)	(9, 0.42363289460919057)	(10, 0.4257887872026216)	(12, 0.42686673349933707)	(14, 0.42686673349933707)	(16, 0.42686673349933707)	(18, 0.42686673349933707)	(20, 0.42686673349933707)	(22, 0.42686673349933707)	(24, 0.42686673349933707)	(26, 0.42686673349933707)	(28, 0.42686673349933707)	(30, 0.42686673349933707)	(32, 0.42686673349933707)	(34, 0.42686673349933707)	(36, 0.42686673349933707)	(38, 0.42686673349933707)	(40, 0.42686673349933707)	(42, 0.42686673349933707)	(44, 0.42686673349933707)	(46, 0.42686673349933707)	(48, 0.42686673349933707)	(50, 0.42686673349933707)	(52, 0.42686673349933707)	(54, 0.42686673349933707)	(56, 0.42686673349933707)	(58, 0.42686673349933707)	(60, 0.42686673349933707)	(62, 0.42686673349933707)	(64, 0.42686673349933707)	(66, 0.42686673349933707)	(68, 0.42686673349933707)	(70, 0.42686673349933707)	(72, 0.42686673349933707)	(74, 0.42740570664769484)	(76, 0.42794467979605255)	(78, 0.42848365294441026)	(80, 0.42902262609276803)	(82, 0.42902262609276803)	(84, 0.42902262609276803)	(86, 0.42902262609276803)	(88, 0.42902262609276803)	(90, 0.42902262609276803)	(92, 0.4295615992411258)	(94, 0.43010057238948357)	(96, 0.43010057238948357)	(98, 0.43010057238948357)	(100, 0.43010057238948357)	(102, 0.43010057238948357)	(104, 0.43010057238948357)	(106, 0.43010057238948357)	(108, 0.43063954553784134)	(110, 0.43117851868619905)	(112, 0.43117851868619905)	(114, 0.43171749183455677)	(116, 0.43387338442798784)	(118, 0.43441235757634555)	(120, 0.43441235757634555)	(122, 0.43441235757634555)	(124, 0.43441235757634555)	(126, 0.43441235757634555)	(128, 0.43441235757634555)	(130, 0.4360292770214188)	(132, 0.4365682501697765)	(134, 0.43818516961484977)	(136, 0.43872414276320754)	(138, 0.43872414276320754)
SRR16013056_1.fastq.gz - illumina_universal_adapter	(1, 0.0)	(2, 0.0)	(3, 0.0)	(4, 0.0)	(5, 0.001)	(6, 0.002)	(7, 0.002)	(8, 0.002)	(9, 0.002)	(10, 0.002)	(12, 0.002)	(14, 0.002)	(16, 0.002)	(18, 0.002)	(20, 0.002)	(22, 0.0025)	(24, 0.003)	(26, 0.004)	(28, 0.005)	(30, 0.0055)	(32, 0.007)	(34, 0.008)	(36, 0.012)	(38, 0.0165)	(40, 0.0225)	(42, 0.028499999999999998)	(44, 0.038)	(46, 0.0465)	(48, 0.056)	(50, 0.0695)	(52, 0.0865)	(54, 0.10450000000000001)	(56, 0.1305)	(58, 0.15949999999999998)	(60, 0.20850000000000002)	(62, 0.273)	(64, 0.3415)	(66, 0.4395)	(68, 0.5415)	(70, 0.657)	(72, 0.808)	(74, 1.0190000000000001)	(76, 1.274)	(78, 1.5255)	(80, 1.8135)	(82, 2.207)	(84, 2.6494999999999997)	(86, 3.1605)	(88, 3.7115)	(90, 4.349)	(92, 5.072)	(94, 5.955500000000001)	(96, 6.8985)	(98, 7.9445)	(100, 9.109)	(102, 10.3015)	(104, 11.626000000000001)	(106, 13.014)	(108, 14.396)	(110, 15.83)	(112, 17.302)	(114, 18.9035)	(116, 20.4875)	(118, 22.137)	(120, 23.7235)	(122, 25.3975)	(124, 27.072499999999998)	(126, 28.7795)	(128, 30.451999999999998)	(130, 32.0545)	(132, 33.5745)	(134, 35.1295)	(136, 36.713499999999996)	(138, 38.2435)
SRR16013056_1.fastq.gz - polya	(1, 0.013)	(2, 0.022)	(3, 0.026)	(4, 0.035)	(5, 0.038)	(6, 0.044)	(7, 0.052)	(8, 0.061)	(9, 0.084)	(10, 0.10400000000000001)	(12, 0.1185)	(14, 0.1375)	(16, 0.1495)	(18, 0.161)	(20, 0.169)	(22, 0.1795)	(24, 0.191)	(26, 0.208)	(28, 0.2145)	(30, 0.217)	(32, 0.223)	(34, 0.238)	(36, 0.252)	(38, 0.2655)	(40, 0.273)	(42, 0.2915)	(44, 0.303)	(46, 0.3125)	(48, 0.324)	(50, 0.334)	(52, 0.3395)	(54, 0.3465)	(56, 0.3555)	(58, 0.363)	(60, 0.373)	(62, 0.3855)	(64, 0.3945)	(66, 0.4025)	(68, 0.40700000000000003)	(70, 0.415)	(72, 0.424)	(74, 0.43)	(76, 0.4365)	(78, 0.443)	(80, 0.45)	(82, 0.4535)	(84, 0.461)	(86, 0.472)	(88, 0.477)	(90, 0.4915)	(92, 0.4975)	(94, 0.5005)	(96, 0.511)	(98, 0.52)	(100, 0.5285)	(102, 0.533)	(104, 0.5385)	(106, 0.541)	(108, 0.552)	(110, 0.56)	(112, 0.572)	(114, 0.5745)	(116, 0.58)	(118, 0.582)	(120, 0.587)	(122, 0.5945)	(124, 0.602)	(126, 0.604)	(128, 0.61)	(130, 0.6154999999999999)	(132, 0.625)	(134, 0.6275)	(136, 0.632)	(138, 0.6355)
SRR16013056_1.fastq.gz - polyg	(1, 0.0)	(2, 0.0)	(3, 0.0)	(4, 0.0)	(5, 0.0)	(6, 0.0)	(7, 0.0)	(8, 0.0)	(9, 0.0)	(10, 0.0005)	(12, 0.001)	(14, 0.001)	(16, 0.001)	(18, 0.001)	(20, 0.002)	(22, 0.002)	(24, 0.002)	(26, 0.002)	(28, 0.002)	(30, 0.002)	(32, 0.002)	(34, 0.002)	(36, 0.002)	(38, 0.002)	(40, 0.002)	(42, 0.002)	(44, 0.002)	(46, 0.002)	(48, 0.002)	(50, 0.002)	(52, 0.002)	(54, 0.002)	(56, 0.002)	(58, 0.002)	(60, 0.002)	(62, 0.002)	(64, 0.002)	(66, 0.002)	(68, 0.003)	(70, 0.026000000000000002)	(72, 0.027)	(74, 0.0275)	(76, 0.029)	(78, 0.03)	(80, 0.03)	(82, 0.03)	(84, 0.03)	(86, 0.03)	(88, 0.03)	(90, 0.03)	(92, 0.03)	(94, 0.0305)	(96, 0.032)	(98, 0.033)	(100, 0.0335)	(102, 0.035)	(104, 0.035500000000000004)	(106, 0.04)	(108, 0.0445)	(110, 0.052500000000000005)	(112, 0.0615)	(114, 0.07050000000000001)	(116, 0.079)	(118, 0.0895)	(120, 0.1055)	(122, 0.123)	(124, 0.14300000000000002)	(126, 0.17149999999999999)	(128, 0.203)	(130, 0.2585)	(132, 0.3235)	(134, 0.397)	(136, 0.49650000000000005)	(138, 0.6074999999999999)
SRR16013056_1.trimmed.fastq.gz - polya	(1, 0.013912522340300297)	(2, 0.022474074549715863)	(3, 0.0256846566282467)	(4, 0.03531640286383921)	(5, 0.03638659689001616)	(6, 0.04066737299472394)	(7, 0.048158731177962565)	(8, 0.05672028338737813)	(9, 0.07812416391091705)	(10, 0.09631746235592513)	(12, 0.10808959664387154)	(14, 0.1268179921019681)	(16, 0.13751993236373755)	(18, 0.14982716366477242)	(20, 0.1578536188610995)	(22, 0.16748536509669204)	(24, 0.1797925963977269)	(26, 0.19638060380346956)	(28, 0.20280176796053123)	(30, 0.2054772530259736)	(32, 0.21029312614376988)	(34, 0.22474074549715864)	(36, 0.23811817082437048)	(38, 0.24882011108613994)	(40, 0.25631146926937853)	(42, 0.2745047677143866)	(44, 0.2868119990154215)	(46, 0.2969788422641025)	(48, 0.3092860735651374)	(50, 0.3199880138269068)	(52, 0.3248038869447031)	(54, 0.3317601481148532)	(56, 0.33871640928500335)	(58, 0.34674286448133046)	(60, 0.35476931967765757)	(62, 0.3676116479917809)	(64, 0.37670829721428495)	(66, 0.38473475241061206)	(68, 0.38901552851531984)	(70, 0.39650688669855844)	(72, 0.40560353592106246)	(74, 0.41095450605194717)	(76, 0.41791076722209736)	(78, 0.42433193137915903)	(80, 0.43021799852313225)	(82, 0.4339636776147515)	(84, 0.44091993878490165)	(86, 0.45001658800740574)	(88, 0.454832461125202)	(90, 0.47035027450476774)	(92, 0.4746310506094755)	(94, 0.47677143866182936)	(96, 0.484262796845068)	(98, 0.4928243490544836)	(100, 0.5003157072377222)	(102, 0.5051315803555184)	(104, 0.5094123564602262)	(106, 0.5115527445125801)	(108, 0.5227897817874381)	(110, 0.5308162369837651)	(112, 0.5415181772455346)	(114, 0.5431234682848001)	(116, 0.5479393414025963)	(118, 0.5500797294549502)	(120, 0.554360505559658)	(122, 0.5602465727036312)	(124, 0.5661326398476044)	(126, 0.5682730278999583)	(128, 0.572553804004666)	(130, 0.5773696771224623)	(132, 0.5864663263449663)	(134, 0.5886067143973203)	(136, 0.591817296475851)	(138, 0.5955629755674703)
SRR16013056_2.fastq.gz - illumina_universal_adapter	(1, 0.0)	(2, 0.0)	(3, 0.0)	(4, 0.0)	(5, 0.001)	(6, 0.001)	(7, 0.001)	(8, 0.001)	(9, 0.001)	(10, 0.001)	(12, 0.001)	(14, 0.001)	(16, 0.001)	(18, 0.001)	(20, 0.001)	(22, 0.0015)	(24, 0.002)	(26, 0.003)	(28, 0.004)	(30, 0.0045000000000000005)	(32, 0.005)	(34, 0.006)	(36, 0.01)	(38, 0.014499999999999999)	(40, 0.020499999999999997)	(42, 0.026500000000000003)	(44, 0.036000000000000004)	(46, 0.0445)	(48, 0.054)	(50, 0.0675)	(52, 0.08349999999999999)	(54, 0.0995)	(56, 0.1265)	(58, 0.157)	(60, 0.20800000000000002)	(62, 0.27749999999999997)	(64, 0.346)	(66, 0.4405)	(68, 0.5415)	(70, 0.659)	(72, 0.8065)	(74, 1.014)	(76, 1.2625)	(78, 1.5095)	(80, 1.797)	(82, 2.1895)	(84, 2.6265)	(86, 3.1295)	(88, 3.6790000000000003)	(90, 4.3165)	(92, 5.0415)	(94, 5.9175)	(96, 6.848000000000001)	(98, 7.872)	(100, 9.0145)	(102, 10.192499999999999)	(104, 11.500499999999999)	(106, 12.854)	(108, 14.210999999999999)	(110, 15.6165)	(112, 17.089)	(114, 18.673000000000002)	(116, 20.2315)	(118, 21.8525)	(120, 23.423499999999997)	(122, 25.0605)	(124, 26.7135)	(126, 28.3865)	(128, 30.0315)	(130, 31.625999999999998)	(132, 33.135)	(134, 34.685500000000005)	(136, 36.254999999999995)	(138, 37.763000000000005)
SRR16013056_2.fastq.gz - polya	(1, 0.028)	(2, 0.04)	(3, 0.062)	(4, 0.084)	(5, 0.11)	(6, 0.132)	(7, 0.163)	(8, 0.204)	(9, 0.254)	(10, 0.3095)	(12, 0.39549999999999996)	(14, 0.479)	(16, 0.5780000000000001)	(18, 0.6685)	(20, 0.7585)	(22, 0.8775)	(24, 0.9935)	(26, 1.2695)	(28, 1.6800000000000002)	(30, 1.823)	(32, 1.9749999999999999)	(34, 2.1109999999999998)	(36, 2.2595)	(38, 2.4025)	(40, 2.5435)	(42, 2.67)	(44, 2.7965)	(46, 2.9105)	(48, 3.0265)	(50, 3.145)	(52, 3.235)	(54, 3.3185000000000002)	(56, 3.4015)	(58, 3.4765)	(60, 3.538)	(62, 3.6165000000000003)	(64, 3.7025)	(66, 3.7889999999999997)	(68, 3.8834999999999997)	(70, 3.959)	(72, 4.025)	(74, 4.076499999999999)	(76, 4.1434999999999995)	(78, 4.2095)	(80, 4.279999999999999)	(82, 4.333500000000001)	(84, 4.3919999999999995)	(86, 4.4465)	(88, 4.5075)	(90, 4.5725)	(92, 4.6285)	(94, 4.705)	(96, 4.756)	(98, 4.8015)	(100, 4.843)	(102, 4.8805)	(104, 4.931)	(106, 4.984)	(108, 5.0365)	(110, 5.074)	(112, 5.1129999999999995)	(114, 5.156499999999999)	(116, 5.199)	(118, 5.2445)	(120, 5.294)	(122, 5.3385)	(124, 5.384)	(126, 5.42)	(128, 5.4525)	(130, 5.493)	(132, 5.541499999999999)	(134, 5.5785)	(136, 5.616)	(138, 5.6475)
SRR16013056_2.fastq.gz - polyg	(1, 4.12)	(2, 4.191)	(3, 4.191)	(4, 4.192)	(5, 4.193)	(6, 4.195)	(7, 4.199)	(8, 4.209)	(9, 4.214)	(10, 4.231)	(12, 4.258)	(14, 4.2715)	(16, 4.274)	(18, 4.2745)	(20, 4.275)	(22, 4.276)	(24, 4.2765)	(26, 4.277)	(28, 4.277)	(30, 4.2775)	(32, 4.278)	(34, 4.278)	(36, 4.278)	(38, 4.278)	(40, 4.278499999999999)	(42, 4.2795000000000005)	(44, 4.28)	(46, 4.2805)	(48, 4.282)	(50, 4.283)	(52, 4.2835)	(54, 4.285)	(56, 4.285)	(58, 4.285)	(60, 4.285)	(62, 4.285)	(64, 4.285)	(66, 4.285)	(68, 4.286)	(70, 4.2865)	(72, 4.288)	(74, 4.288)	(76, 4.288)	(78, 4.29)	(80, 4.293)	(82, 4.296)	(84, 4.2995)	(86, 4.304)	(88, 4.3100000000000005)	(90, 4.313)	(92, 4.3185)	(94, 4.327999999999999)	(96, 4.335)	(98, 4.346500000000001)	(100, 4.3545)	(102, 4.3755)	(104, 4.4)	(106, 4.422499999999999)	(108, 4.4615)	(110, 4.51)	(112, 4.568)	(114, 4.6259999999999994)	(116, 4.707000000000001)	(118, 4.789)	(120, 4.8925)	(122, 5.0115)	(124, 5.1884999999999994)	(126, 5.3685)	(128, 5.5895)	(130, 5.822)	(132, 6.1185)	(134, 6.4305)	(136, 6.781499999999999)	(138, 7.2425)
SRR16013056_2.trimmed.fastq.gz - polya	(1, 0.0256846566282467)	(2, 0.03852698494237005)	(3, 0.05457989533502424)	(4, 0.07491358183238621)	(5, 0.10166843248680986)	(6, 0.12414250703652573)	(7, 0.1562483278218341)	(8, 0.1915647306856733)	(9, 0.23223210368039726)	(10, 0.27664515576674054)	(12, 0.3424620883766227)	(14, 0.40560353592106246)	(16, 0.4773065356749179)	(18, 0.5436585652978885)	(20, 0.603054333750709)	(22, 0.6806434006485376)	(24, 0.7475305272845967)	(26, 0.8524095418499373)	(28, 0.9717361757686669)	(30, 1.023640586038249)	(32, 1.0808959664387152)	(34, 1.1215633394334392)	(36, 1.1568797422972785)	(38, 1.2002226003574448)	(40, 1.2248370629595144)	(42, 1.246776040496142)	(44, 1.2767414732290963)	(46, 1.2997506447919007)	(48, 1.3195492342761743)	(50, 1.3414882118128015)	(52, 1.3586113162316327)	(54, 1.3821555848075255)	(56, 1.4089104354619493)	(58, 1.4238931518284264)	(60, 1.4362003831294614)	(62, 1.45064800248285)	(64, 1.460814845731531)	(66, 1.4763326591110968)	(68, 1.4891749874252203)	(70, 1.5084384798964052)	(72, 1.523956293275971)	(74, 1.533052942498475)	(76, 1.54536017379951)	(78, 1.5571323080874562)	(80, 1.5672991513361372)	(82, 1.5742554125062873)	(84, 1.5870977408204108)	(86, 1.5919136139382069)	(88, 1.6026155541999763)	(90, 1.6127823974486575)	(92, 1.6266949197889577)	(94, 1.644888218233966)	(96, 1.6513093823910276)	(98, 1.6593358375873546)	(100, 1.6636166136920623)	(102, 1.6684324868098588)	(104, 1.6748536509669203)	(106, 1.6887661733072208)	(108, 1.7000032105820786)	(110, 1.7080296657784055)	(112, 1.7155210239616443)	(114, 1.726758061236502)	(116, 1.73103883734121)	(118, 1.7358547104590063)	(120, 1.736924904485183)	(122, 1.7422758746160678)	(124, 1.7519076208516604)	(126, 1.7588638820218105)	(128, 1.7626095611134298)	(130, 1.771706210335934)	(132, 1.7791975685191725)	(134, 1.781873053584615)	(136, 1.7888293147547651)	(138, 1.7957855759249153)
SRR16013056_2.trimmed.fastq.gz - polyg	(1, 0.46553440138697144)	(2, 0.4773065356749179)	(3, 0.4773065356749179)	(4, 0.4773065356749179)	(5, 0.4773065356749179)	(6, 0.4783767297010948)	(7, 0.47944692372727177)	(8, 0.47944692372727177)	(9, 0.47944692372727177)	(10, 0.48105221476653715)	(12, 0.4821224087927141)	(14, 0.4826575058058026)	(16, 0.4826575058058026)	(18, 0.4826575058058026)	(20, 0.4826575058058026)	(22, 0.4826575058058026)	(24, 0.4826575058058026)	(26, 0.4826575058058026)	(28, 0.4826575058058026)	(30, 0.4826575058058026)	(32, 0.4826575058058026)	(34, 0.4826575058058026)	(36, 0.4826575058058026)	(38, 0.4826575058058026)	(40, 0.4826575058058026)	(42, 0.4826575058058026)	(44, 0.4826575058058026)	(46, 0.4826575058058026)	(48, 0.4826575058058026)	(50, 0.4826575058058026)	(52, 0.4826575058058026)	(54, 0.4826575058058026)	(56, 0.4826575058058026)	(58, 0.4826575058058026)	(60, 0.4826575058058026)	(62, 0.4826575058058026)	(64, 0.4826575058058026)	(66, 0.4826575058058026)	(68, 0.4826575058058026)	(70, 0.4826575058058026)	(72, 0.4826575058058026)	(74, 0.4826575058058026)	(76, 0.4826575058058026)	(78, 0.4826575058058026)	(80, 0.4826575058058026)	(82, 0.4826575058058026)	(84, 0.4826575058058026)	(86, 0.4826575058058026)	(88, 0.4826575058058026)	(90, 0.4826575058058026)	(92, 0.4826575058058026)	(94, 0.4826575058058026)	(96, 0.4826575058058026)	(98, 0.4826575058058026)	(100, 0.48372769983197955)	(102, 0.48372769983197955)	(104, 0.48372769983197955)	(106, 0.48372769983197955)	(108, 0.48372769983197955)	(110, 0.48372769983197955)	(112, 0.48533299087124493)	(114, 0.48586808788433344)	(116, 0.48586808788433344)	(118, 0.48586808788433344)	(120, 0.48586808788433344)	(122, 0.48586808788433344)	(124, 0.48586808788433344)	(126, 0.48586808788433344)	(128, 0.48586808788433344)	(130, 0.48586808788433344)	(132, 0.48586808788433344)	(134, 0.48586808788433344)	(136, 0.48586808788433344)	(138, 0.48586808788433344)
SRR16013070_1.fastq.gz - illumina_universal_adapter	(1, 0.0)	(2, 0.0)	(3, 0.0)	(4, 0.0)	(5, 0.0)	(6, 0.0)	(7, 0.0)	(8, 0.0)	(9, 0.0)	(10, 0.0)	(12, 0.001)	(14, 0.003)	(16, 0.003)	(18, 0.0045000000000000005)	(20, 0.005)	(22, 0.005)	(24, 0.005)	(26, 0.005)	(28, 0.005)	(30, 0.006)	(32, 0.009999999999999998)	(34, 0.011)	(36, 0.0125)	(38, 0.0155)	(40, 0.0195)	(42, 0.026000000000000002)	(44, 0.032)	(46, 0.0435)	(48, 0.05)	(50, 0.06)	(52, 0.07400000000000001)	(54, 0.095)	(56, 0.129)	(58, 0.161)	(60, 0.217)	(62, 0.254)	(64, 0.3105)	(66, 0.3765)	(68, 0.45799999999999996)	(70, 0.579)	(72, 0.7145)	(74, 0.885)	(76, 1.1084999999999998)	(78, 1.3495)	(80, 1.6265)	(82, 1.9849999999999999)	(84, 2.4045)	(86, 2.9175)	(88, 3.4815)	(90, 4.098)	(92, 4.843999999999999)	(94, 5.7235)	(96, 6.686999999999999)	(98, 7.752000000000001)	(100, 8.8665)	(102, 10.015)	(104, 11.2675)	(106, 12.6775)	(108, 14.0495)	(110, 15.341999999999999)	(112, 16.761499999999998)	(114, 18.3295)	(116, 19.9095)	(118, 21.6085)	(120, 23.174)	(122, 24.803)	(124, 26.4875)	(126, 28.167)	(128, 29.7705)	(130, 31.2195)	(132, 32.704499999999996)	(134, 34.156)	(136, 35.6385)	(138, 37.0865)
SRR16013070_1.fastq.gz - polya	(1, 0.015)	(2, 0.021)	(3, 0.029)	(4, 0.037)	(5, 0.04)	(6, 0.048)	(7, 0.058)	(8, 0.068)	(9, 0.084)	(10, 0.095)	(12, 0.107)	(14, 0.12)	(16, 0.1345)	(18, 0.14)	(20, 0.149)	(22, 0.163)	(24, 0.175)	(26, 0.199)	(28, 0.2085)	(30, 0.214)	(32, 0.2195)	(34, 0.228)	(36, 0.235)	(38, 0.2435)	(40, 0.253)	(42, 0.2675)	(44, 0.28300000000000003)	(46, 0.2875)	(48, 0.296)	(50, 0.3005)	(52, 0.3125)	(54, 0.3175)	(56, 0.3245)	(58, 0.3345)	(60, 0.342)	(62, 0.349)	(64, 0.356)	(66, 0.3655)	(68, 0.379)	(70, 0.3905)	(72, 0.3975)	(74, 0.4045)	(76, 0.411)	(78, 0.419)	(80, 0.4235)	(82, 0.4295)	(84, 0.437)	(86, 0.4495)	(88, 0.4565)	(90, 0.4665)	(92, 0.476)	(94, 0.481)	(96, 0.486)	(98, 0.4885)	(100, 0.495)	(102, 0.499)	(104, 0.504)	(106, 0.5065)	(108, 0.5115000000000001)	(110, 0.5185)	(112, 0.523)	(114, 0.5295000000000001)	(116, 0.5325)	(118, 0.543)	(120, 0.546)	(122, 0.547)	(124, 0.5535000000000001)	(126, 0.557)	(128, 0.5605)	(130, 0.562)	(132, 0.5654999999999999)	(134, 0.568)	(136, 0.574)	(138, 0.5774999999999999)
SRR16013070_1.fastq.gz - polyg	(1, 0.0)	(2, 0.0)	(3, 0.001)	(4, 0.001)	(5, 0.001)	(6, 0.001)	(7, 0.001)	(8, 0.001)	(9, 0.001)	(10, 0.001)	(12, 0.001)	(14, 0.001)	(16, 0.001)	(18, 0.001)	(20, 0.001)	(22, 0.001)	(24, 0.001)	(26, 0.001)	(28, 0.001)	(30, 0.001)	(32, 0.001)	(34, 0.001)	(36, 0.001)	(38, 0.001)	(40, 0.001)	(42, 0.001)	(44, 0.001)	(46, 0.001)	(48, 0.001)	(50, 0.001)	(52, 0.001)	(54, 0.001)	(56, 0.001)	(58, 0.001)	(60, 0.001)	(62, 0.001)	(64, 0.001)	(66, 0.001)	(68, 0.001)	(70, 0.02)	(72, 0.0215)	(74, 0.022)	(76, 0.022)	(78, 0.022)	(80, 0.022)	(82, 0.023)	(84, 0.025)	(86, 0.027)	(88, 0.0275)	(90, 0.029)	(92, 0.029)	(94, 0.029)	(96, 0.029)	(98, 0.029)	(100, 0.03)	(102, 0.0335)	(104, 0.037)	(106, 0.039)	(108, 0.041499999999999995)	(110, 0.0465)	(112, 0.0535)	(114, 0.062)	(116, 0.073)	(118, 0.08)	(120, 0.0925)	(122, 0.10550000000000001)	(124, 0.1275)	(126, 0.15949999999999998)	(128, 0.20400000000000001)	(130, 0.26)	(132, 0.3135)	(134, 0.374)	(136, 0.4515)	(138, 0.544)
SRR16013070_1.trimmed.fastq.gz - polya	(1, 0.016465603354592257)	(2, 0.02195413780612301)	(3, 0.026344965367347612)	(4, 0.032931206709184514)	(5, 0.034028913599490666)	(6, 0.04281056872193987)	(7, 0.05378763762500137)	(8, 0.06256929274745057)	(9, 0.07574177543112438)	(10, 0.0839745771084205)	(12, 0.09440279256632894)	(14, 0.10757527525000274)	(16, 0.12019890448852347)	(18, 0.12623629238520728)	(20, 0.1328225337270442)	(22, 0.1465438698558711)	(24, 0.15752093875893258)	(26, 0.17892622311990253)	(28, 0.18770787824235172)	(30, 0.1926475592487294)	(32, 0.19813609370026014)	(34, 0.2063688953775563)	(36, 0.21405284360969934)	(38, 0.22283449873214856)	(40, 0.23161615385459774)	(42, 0.24423978309311847)	(44, 0.2601565330025577)	(46, 0.26509621400893535)	(48, 0.27387786913138457)	(50, 0.2782686966926091)	(52, 0.2908923259311299)	(54, 0.29583200693750755)	(56, 0.299125127608426)	(58, 0.30680907584056905)	(60, 0.313944170627559)	(62, 0.3205304119693959)	(64, 0.328214360201539)	(66, 0.33864257565944744)	(68, 0.350168498007662)	(70, 0.36059671346557043)	(72, 0.3660852479171012)	(74, 0.3715737823686319)	(76, 0.3787088771556219)	(78, 0.3858439719426119)	(80, 0.3896859460586834)	(82, 0.3946256270650611)	(84, 0.401211868406898)	(86, 0.4127377907551126)	(88, 0.4187751786517964)	(90, 0.42920339410970487)	(92, 0.4385339026773071)	(94, 0.4401804630127663)	(96, 0.4440224371288378)	(98, 0.44621785090945015)	(100, 0.452255238806134)	(102, 0.4555483594770524)	(104, 0.46103689392858316)	(106, 0.46378116115434853)	(108, 0.4692696956058793)	(110, 0.4764047903928693)	(112, 0.4802467645089408)	(114, 0.4857352989604716)	(116, 0.4868330058507777)	(118, 0.49616351441838)	(120, 0.49945663508929844)	(122, 0.5005543419796046)	(124, 0.5076894367665946)	(126, 0.5115314108826661)	(128, 0.5153733849987376)	(130, 0.5164710918890438)	(132, 0.5192153591148092)	(134, 0.5214107728954214)	(136, 0.5279970142372583)	(138, 0.5318389883533299)
SRR16013070_2.fastq.gz - illumina_universal_adapter	(1, 0.0)	(2, 0.0)	(3, 0.0)	(4, 0.0)	(5, 0.0)	(6, 0.0)	(7, 0.0)	(8, 0.0)	(9, 0.0)	(10, 0.0)	(12, 0.001)	(14, 0.002)	(16, 0.002)	(18, 0.0035)	(20, 0.004)	(22, 0.004)	(24, 0.004)	(26, 0.004)	(28, 0.004)	(30, 0.005)	(32, 0.009000000000000001)	(34, 0.01)	(36, 0.0115)	(38, 0.0155)	(40, 0.0195)	(42, 0.026000000000000002)	(44, 0.033)	(46, 0.0445)	(48, 0.051000000000000004)	(50, 0.061)	(52, 0.07400000000000001)	(54, 0.096)	(56, 0.131)	(58, 0.16499999999999998)	(60, 0.22)	(62, 0.2565)	(64, 0.3115)	(66, 0.376)	(68, 0.4555)	(70, 0.5745)	(72, 0.708)	(74, 0.88)	(76, 1.1015)	(78, 1.3319999999999999)	(80, 1.6015)	(82, 1.956)	(84, 2.377)	(86, 2.883)	(88, 3.4485)	(90, 4.0665)	(92, 4.817500000000001)	(94, 5.6850000000000005)	(96, 6.6385000000000005)	(98, 7.679)	(100, 8.7725)	(102, 9.913499999999999)	(104, 11.161000000000001)	(106, 12.550999999999998)	(108, 13.901)	(110, 15.173)	(112, 16.564500000000002)	(114, 18.1045)	(116, 19.6645)	(118, 21.323999999999998)	(120, 22.853)	(122, 24.430500000000002)	(124, 26.093)	(126, 27.731499999999997)	(128, 29.296)	(130, 30.713)	(132, 32.164500000000004)	(134, 33.5795)	(136, 35.0295)	(138, 36.4585)
SRR16013070_2.fastq.gz - polya	(1, 0.032)	(2, 0.048)	(3, 0.09)	(4, 0.117)	(5, 0.142)	(6, 0.175)	(7, 0.221)	(8, 0.279)	(9, 0.348)	(10, 0.44299999999999995)	(12, 0.5605)	(14, 0.6645)	(16, 0.773)	(18, 0.8975)	(20, 1.017)	(22, 1.1615)	(24, 1.33)	(26, 1.7265000000000001)	(28, 2.29)	(30, 2.5090000000000003)	(32, 2.7089999999999996)	(34, 2.8994999999999997)	(36, 3.0709999999999997)	(38, 3.2439999999999998)	(40, 3.4095)	(42, 3.6045)	(44, 3.7800000000000002)	(46, 3.9699999999999998)	(48, 4.1375)	(50, 4.2945)	(52, 4.439500000000001)	(54, 4.545)	(56, 4.6635)	(58, 4.761)	(60, 4.852)	(62, 4.9435)	(64, 5.0489999999999995)	(66, 5.1495)	(68, 5.2725)	(70, 5.3645)	(72, 5.452500000000001)	(74, 5.5515)	(76, 5.640000000000001)	(78, 5.7219999999999995)	(80, 5.8115000000000006)	(82, 5.877000000000001)	(84, 5.9445)	(86, 6.0045)	(88, 6.0755)	(90, 6.1425)	(92, 6.211)	(94, 6.2915)	(96, 6.3580000000000005)	(98, 6.422499999999999)	(100, 6.4855)	(102, 6.5545)	(104, 6.618)	(106, 6.672000000000001)	(108, 6.718999999999999)	(110, 6.7755)	(112, 6.834)	(114, 6.893000000000001)	(116, 6.947)	(118, 7.0105)	(120, 7.0715)	(122, 7.127)	(124, 7.178)	(126, 7.234)	(128, 7.276)	(130, 7.319)	(132, 7.3645)	(134, 7.398)	(136, 7.4385)	(138, 7.4795)
SRR16013070_2.fastq.gz - polyg	(1, 5.57)	(2, 5.67)	(3, 5.671)	(4, 5.674)	(5, 5.676)	(6, 5.678)	(7, 5.682)	(8, 5.699)	(9, 5.708)	(10, 5.724500000000001)	(12, 5.75)	(14, 5.763)	(16, 5.7675)	(18, 5.768)	(20, 5.769)	(22, 5.769)	(24, 5.769)	(26, 5.769)	(28, 5.769)	(30, 5.769)	(32, 5.77)	(34, 5.771)	(36, 5.772)	(38, 5.772)	(40, 5.772)	(42, 5.772)	(44, 5.772)	(46, 5.772)	(48, 5.772)	(50, 5.772)	(52, 5.7725)	(54, 5.773)	(56, 5.773)	(58, 5.773)	(60, 5.773)	(62, 5.7735)	(64, 5.775)	(66, 5.776)	(68, 5.776)	(70, 5.777)	(72, 5.7775)	(74, 5.778)	(76, 5.778)	(78, 5.778)	(80, 5.7795000000000005)	(82, 5.7805)	(84, 5.781)	(86, 5.781499999999999)	(88, 5.783)	(90, 5.786)	(92, 5.789)	(94, 5.7940000000000005)	(96, 5.8025)	(98, 5.809)	(100, 5.818)	(102, 5.827999999999999)	(104, 5.838)	(106, 5.861)	(108, 5.8825)	(110, 5.9055)	(112, 5.932)	(114, 5.9605)	(116, 6.0095)	(118, 6.058999999999999)	(120, 6.127)	(122, 6.199)	(124, 6.2885)	(126, 6.388)	(128, 6.518000000000001)	(130, 6.6465)	(132, 6.826499999999999)	(134, 7.0715)	(136, 7.3195)	(138, 7.616)
SRR16013070_2.trimmed.fastq.gz - polya	(1, 0.030735792928572214)	(2, 0.04720139628316447)	(3, 0.07793718921173669)	(4, 0.10208674079847199)	(5, 0.1218454648239827)	(6, 0.1525812577525549)	(7, 0.19648953336480093)	(8, 0.24478863653827154)	(9, 0.30406480861480367)	(10, 0.37925773060077494)	(12, 0.47366052316710394)	(14, 0.554341979604606)	(16, 0.6306326084808834)	(18, 0.7250354010472124)	(20, 0.8040702971492553)	(22, 0.8907891414834411)	(24, 0.9890339081658415)	(26, 1.1289915366798757)	(28, 1.2859636219936552)	(30, 1.3611565439796265)	(32, 1.422628129836771)	(34, 1.4780623277972316)	(36, 1.5219706034094775)	(38, 1.568074292802336)	(40, 1.6015543529566734)	(42, 1.632290145885246)	(44, 1.6652213525944304)	(46, 1.7052876540906048)	(48, 1.737670007354636)	(50, 1.7733454812895861)	(52, 1.802983567327852)	(54, 1.8298773861403528)	(56, 1.8562223515077005)	(58, 1.8693948341913742)	(60, 1.8814696099847419)	(62, 1.89903292022964)	(64, 1.9149496701390794)	(66, 1.926475592487294)	(68, 1.9473320234031108)	(70, 1.963797626757703)	(72, 1.9742258422156116)	(74, 1.985751764563826)	(76, 2.0033150748087243)	(78, 2.0181341178278576)	(80, 2.030208893621225)	(82, 2.0400882556339806)	(84, 2.052163031427348)	(86, 2.0582004193240317)	(88, 2.073019462343165)	(90, 2.0856430915816855)	(92, 2.094424746704135)	(94, 2.1054018156071965)	(96, 2.1180254448457174)	(98, 2.1268070999681665)	(100, 2.136137608535769)	(102, 2.142723849877606)	(104, 2.1504077981097485)	(106, 2.1526032118903613)	(108, 2.1624825739031164)	(110, 2.1707153755804125)	(112, 2.1756550565867903)	(114, 2.183339004818933)	(116, 2.1926695133865355)	(118, 2.199255754728372)	(120, 2.204744289179903)	(122, 2.2102328236314337)	(124, 2.215721358082965)	(126, 2.225051866650567)	(128, 2.2305404011020977)	(130, 2.241517470005159)	(132, 2.248652564792149)	(134, 2.2519456854630677)	(136, 2.2574342199145985)	(138, 2.264020461256435)
SRR16013070_2.trimmed.fastq.gz - polyg	(1, 0.5784915311913413)	(2, 0.6081296172296073)	(3, 0.6092273241199135)	(4, 0.6092273241199135)	(5, 0.6103250310102196)	(6, 0.6114227379005258)	(7, 0.6125204447908319)	(8, 0.6147158585714443)	(9, 0.6169112723520566)	(10, 0.6185578326875159)	(12, 0.6213020999132812)	(14, 0.6229486602487404)	(16, 0.6234975136938935)	(18, 0.6234975136938935)	(20, 0.6245952205841996)	(22, 0.6245952205841996)	(24, 0.6245952205841996)	(26, 0.6245952205841996)	(28, 0.6245952205841996)	(30, 0.6245952205841996)	(32, 0.6245952205841996)	(34, 0.6245952205841996)	(36, 0.6245952205841996)	(38, 0.6245952205841996)	(40, 0.6245952205841996)	(42, 0.6245952205841996)	(44, 0.6245952205841996)	(46, 0.6245952205841996)	(48, 0.6245952205841996)	(50, 0.6245952205841996)	(52, 0.6245952205841996)	(54, 0.6245952205841996)	(56, 0.6245952205841996)	(58, 0.6245952205841996)	(60, 0.6245952205841996)	(62, 0.6245952205841996)	(64, 0.6245952205841996)	(66, 0.6245952205841996)	(68, 0.6245952205841996)	(70, 0.6245952205841996)	(72, 0.6245952205841996)	(74, 0.6245952205841996)	(76, 0.6245952205841996)	(78, 0.6245952205841996)	(80, 0.6245952205841996)	(82, 0.6245952205841996)	(84, 0.6245952205841996)	(86, 0.6251440740293527)	(88, 0.6256929274745058)	(90, 0.6256929274745058)	(92, 0.6256929274745058)	(94, 0.6256929274745058)	(96, 0.6256929274745058)	(98, 0.6256929274745058)	(100, 0.6267906343648119)	(102, 0.6267906343648119)	(104, 0.627339487809965)	(106, 0.6289860481454241)	(108, 0.6300837550357303)	(110, 0.6300837550357303)	(112, 0.6300837550357303)	(114, 0.6300837550357303)	(116, 0.6300837550357303)	(118, 0.6300837550357303)	(120, 0.6300837550357303)	(122, 0.6300837550357303)	(124, 0.6311814619260365)	(126, 0.6311814619260365)	(128, 0.6311814619260365)	(130, 0.6322791688163426)	(132, 0.6322791688163426)	(134, 0.6322791688163426)	(136, 0.6322791688163426)	(138, 0.6322791688163426)
SRR16013072_1.fastq.gz - illumina_universal_adapter	(1, 0.0)	(2, 0.0)	(3, 0.0)	(4, 0.0)	(5, 0.0)	(6, 0.0)	(7, 0.0)	(8, 0.0)	(9, 0.0)	(10, 0.0)	(12, 0.0)	(14, 0.0)	(16, 0.0)	(18, 0.0)	(20, 0.0)	(22, 0.001)	(24, 0.001)	(26, 0.001)	(28, 0.0035)	(30, 0.0045000000000000005)	(32, 0.0095)	(34, 0.01)	(36, 0.015)	(38, 0.022)	(40, 0.0295)	(42, 0.036500000000000005)	(44, 0.045)	(46, 0.055499999999999994)	(48, 0.07250000000000001)	(50, 0.0925)	(52, 0.113)	(54, 0.14150000000000001)	(56, 0.16949999999999998)	(58, 0.21450000000000002)	(60, 0.27049999999999996)	(62, 0.33599999999999997)	(64, 0.4375)	(66, 0.577)	(68, 0.7130000000000001)	(70, 0.8574999999999999)	(72, 1.0385)	(74, 1.2985)	(76, 1.5945)	(78, 1.9489999999999998)	(80, 2.326)	(82, 2.771)	(84, 3.321)	(86, 3.9290000000000003)	(88, 4.614)	(90, 5.3665)	(92, 6.186)	(94, 7.269)	(96, 8.393999999999998)	(98, 9.583)	(100, 10.865)	(102, 12.178)	(104, 13.6295)	(106, 15.132000000000001)	(108, 16.680500000000002)	(110, 18.2175)	(112, 19.718)	(114, 21.427500000000002)	(116, 23.116)	(118, 24.972)	(120, 26.692999999999998)	(122, 28.439)	(124, 30.180999999999997)	(126, 31.942)	(128, 33.543)	(130, 35.0905)	(132, 36.638999999999996)	(134, 38.082)	(136, 39.5205)	(138, 40.903999999999996)
SRR16013072_1.fastq.gz - polya	(1, 0.053)	(2, 0.06)	(3, 0.077)	(4, 0.086)	(5, 0.092)	(6, 0.097)	(7, 0.102)	(8, 0.113)	(9, 0.133)	(10, 0.1495)	(12, 0.1585)	(14, 0.1695)	(16, 0.1735)	(18, 0.181)	(20, 0.194)	(22, 0.20450000000000002)	(24, 0.211)	(26, 0.216)	(28, 0.2265)	(30, 0.2385)	(32, 0.25)	(34, 0.262)	(36, 0.2685)	(38, 0.281)	(40, 0.2905)	(42, 0.3025)	(44, 0.308)	(46, 0.313)	(48, 0.3155)	(50, 0.321)	(52, 0.33)	(54, 0.3385)	(56, 0.342)	(58, 0.3445)	(60, 0.351)	(62, 0.358)	(64, 0.3655)	(66, 0.3725)	(68, 0.3795)	(70, 0.3935)	(72, 0.405)	(74, 0.4155)	(76, 0.4265)	(78, 0.436)	(80, 0.4425)	(82, 0.4515)	(84, 0.458)	(86, 0.4645)	(88, 0.4685)	(90, 0.481)	(92, 0.4865)	(94, 0.4905)	(96, 0.4965)	(98, 0.5035000000000001)	(100, 0.508)	(102, 0.512)	(104, 0.526)	(106, 0.532)	(108, 0.541)	(110, 0.545)	(112, 0.549)	(114, 0.5565)	(116, 0.559)	(118, 0.5615)	(120, 0.566)	(122, 0.5685)	(124, 0.575)	(126, 0.578)	(128, 0.582)	(130, 0.587)	(132, 0.595)	(134, 0.598)	(136, 0.6005)	(138, 0.6025)
SRR16013072_1.fastq.gz - polyg	(1, 0.0)	(2, 0.0)	(3, 0.0)	(4, 0.001)	(5, 0.001)	(6, 0.001)	(7, 0.001)	(8, 0.001)	(9, 0.001)	(10, 0.001)	(12, 0.001)	(14, 0.001)	(16, 0.001)	(18, 0.001)	(20, 0.001)	(22, 0.001)	(24, 0.001)	(26, 0.001)	(28, 0.001)	(30, 0.002)	(32, 0.002)	(34, 0.0025)	(36, 0.003)	(38, 0.003)	(40, 0.003)	(42, 0.004)	(44, 0.004)	(46, 0.0055)	(48, 0.006500000000000001)	(50, 0.007)	(52, 0.007)	(54, 0.007)	(56, 0.007)	(58, 0.008)	(60, 0.008)	(62, 0.008)	(64, 0.008)	(66, 0.008)	(68, 0.008)	(70, 0.0155)	(72, 0.018)	(74, 0.018)	(76, 0.018)	(78, 0.019)	(80, 0.019)	(82, 0.019)	(84, 0.019)	(86, 0.019)	(88, 0.0195)	(90, 0.02)	(92, 0.0215)	(94, 0.022)	(96, 0.022)	(98, 0.0235)	(100, 0.026000000000000002)	(102, 0.031)	(104, 0.032)	(106, 0.037000000000000005)	(108, 0.042499999999999996)	(110, 0.051500000000000004)	(112, 0.058499999999999996)	(114, 0.0675)	(116, 0.078)	(118, 0.0935)	(120, 0.1175)	(122, 0.14200000000000002)	(124, 0.178)	(126, 0.21250000000000002)	(128, 0.259)	(130, 0.323)	(132, 0.396)	(134, 0.511)	(136, 0.6495)	(138, 0.839)
SRR16013072_1.trimmed.fastq.gz - polya	(1, 0.053292729349067376)	(2, 0.05873076295611507)	(3, 0.06960683017021045)	(4, 0.07830768394148675)	(5, 0.08265811082712492)	(6, 0.0880961444341726)	(7, 0.09135896459840122)	(8, 0.1022350318124966)	(9, 0.12072434607645875)	(10, 0.13431943009407799)	(12, 0.1408450704225352)	(14, 0.15063353091522105)	(16, 0.15498395780085922)	(18, 0.16314100821143074)	(20, 0.17673609222904996)	(22, 0.18761215944314535)	(24, 0.19468160313230737)	(26, 0.20011963673935504)	(28, 0.21045190059274566)	(30, 0.21969655772472674)	(32, 0.2273098047745935)	(34, 0.2360106585458698)	(36, 0.24199249551362229)	(38, 0.2555875795312415)	(40, 0.26537604002392734)	(42, 0.27788351732013705)	(44, 0.2838653542878895)	(46, 0.28821578117352764)	(48, 0.2909347979770515)	(50, 0.29691663494480397)	(52, 0.3067050954374898)	(54, 0.3159497525694709)	(56, 0.3197563760944042)	(58, 0.32247539289792815)	(60, 0.3290010332263853)	(62, 0.3333514601120235)	(64, 0.3371580836369569)	(66, 0.34422752732611883)	(68, 0.3512969710152809)	(70, 0.3643482516721953)	(72, 0.3752243188862907)	(74, 0.383925172657567)	(76, 0.3937136331502529)	(78, 0.40350209364293876)	(80, 0.4100277339713959)	(82, 0.417097177660558)	(84, 0.42416662134971994)	(86, 0.4312360650388819)	(88, 0.43449888520311053)	(90, 0.44809396922072975)	(92, 0.45407580618848226)	(94, 0.4584262330741204)	(96, 0.4644080700418729)	(98, 0.47147751373103486)	(100, 0.4763717439773778)	(102, 0.48017836750231113)	(104, 0.4905106313557018)	(106, 0.497036271684159)	(108, 0.5046495187340259)	(110, 0.5084561422589591)	(112, 0.511175159062483)	(114, 0.5177007993909403)	(116, 0.5198760128337594)	(118, 0.5209636195551689)	(120, 0.5236826363586926)	(122, 0.5258578498015117)	(124, 0.532383490129969)	(126, 0.5351025069334928)	(128, 0.539452933819131)	(130, 0.544347164065474)	(132, 0.5492413943118168)	(134, 0.5525042144760455)	(136, 0.5552232312795693)	(138, 0.5573984447223884)
SRR16013072_2.fastq.gz - illumina_universal_adapter	(1, 0.0)	(2, 0.0)	(3, 0.0)	(4, 0.0)	(5, 0.0)	(6, 0.0)	(7, 0.0)	(8, 0.0)	(9, 0.0)	(10, 0.0)	(12, 0.0)	(14, 0.0)	(16, 0.0)	(18, 0.0)	(20, 0.0)	(22, 0.001)	(24, 0.001)	(26, 0.001)	(28, 0.0035)	(30, 0.0045000000000000005)	(32, 0.0095)	(34, 0.01)	(36, 0.014499999999999999)	(38, 0.019999999999999997)	(40, 0.0275)	(42, 0.034)	(44, 0.041499999999999995)	(46, 0.051000000000000004)	(48, 0.0665)	(50, 0.08349999999999999)	(52, 0.10400000000000001)	(54, 0.131)	(56, 0.157)	(58, 0.199)	(60, 0.2515)	(62, 0.3155)	(64, 0.41700000000000004)	(66, 0.5535)	(68, 0.694)	(70, 0.8375)	(72, 1.0194999999999999)	(74, 1.283)	(76, 1.5815000000000001)	(78, 1.931)	(80, 2.308)	(82, 2.7590000000000003)	(84, 3.3034999999999997)	(86, 3.917)	(88, 4.5915)	(90, 5.3445)	(92, 6.154)	(94, 7.2195)	(96, 8.327)	(98, 9.48)	(100, 10.7325)	(102, 12.0095)	(104, 13.4275)	(106, 14.8925)	(108, 16.4215)	(110, 17.918)	(112, 19.401)	(114, 21.084)	(116, 22.7325)	(118, 24.5375)	(120, 26.2075)	(122, 27.8825)	(124, 29.5745)	(126, 31.283)	(128, 32.831)	(130, 34.348)	(132, 35.878)	(134, 37.293)	(136, 38.709)	(138, 40.0655)
SRR16013072_2.fastq.gz - polya	(1, 0.052)	(2, 0.066)	(3, 0.093)	(4, 0.118)	(5, 0.14)	(6, 0.176)	(7, 0.204)	(8, 0.252)	(9, 0.312)	(10, 0.38949999999999996)	(12, 0.489)	(14, 0.5905)	(16, 0.698)	(18, 0.8049999999999999)	(20, 0.921)	(22, 1.0394999999999999)	(24, 1.226)	(26, 1.491)	(28, 1.94)	(30, 2.137)	(32, 2.3075)	(34, 2.4695)	(36, 2.651)	(38, 2.8129999999999997)	(40, 2.9805)	(42, 3.145)	(44, 3.282)	(46, 3.442)	(48, 3.6025)	(50, 3.732)	(52, 3.8325)	(54, 3.932)	(56, 4.026)	(58, 4.1075)	(60, 4.1965)	(62, 4.2885)	(64, 4.3895)	(66, 4.492)	(68, 4.6015)	(70, 4.688000000000001)	(72, 4.782)	(74, 4.858499999999999)	(76, 4.939)	(78, 5.019)	(80, 5.0915)	(82, 5.154)	(84, 5.2005)	(86, 5.2545)	(88, 5.3255)	(90, 5.390499999999999)	(92, 5.4505)	(94, 5.544499999999999)	(96, 5.6085)	(98, 5.662)	(100, 5.718999999999999)	(102, 5.7835)	(104, 5.8395)	(106, 5.895)	(108, 5.9335)	(110, 5.973)	(112, 6.019500000000001)	(114, 6.0515)	(116, 6.1145)	(118, 6.176)	(120, 6.2225)	(122, 6.266)	(124, 6.316)	(126, 6.3635)	(128, 6.4075)	(130, 6.4605)	(132, 6.5145)	(134, 6.5495)	(136, 6.5855)	(138, 6.614000000000001)
SRR16013072_2.fastq.gz - polyg	(1, 5.036)	(2, 5.114)	(3, 5.114)	(4, 5.114)	(5, 5.119)	(6, 5.12)	(7, 5.124)	(8, 5.13)	(9, 5.134)	(10, 5.1495)	(12, 5.170999999999999)	(14, 5.184)	(16, 5.1895)	(18, 5.191)	(20, 5.191)	(22, 5.191)	(24, 5.191)	(26, 5.191)	(28, 5.1915)	(30, 5.192)	(32, 5.192)	(34, 5.1935)	(36, 5.194)	(38, 5.195)	(40, 5.197)	(42, 5.197)	(44, 5.197)	(46, 5.197)	(48, 5.197)	(50, 5.197)	(52, 5.197)	(54, 5.199)	(56, 5.199)	(58, 5.1995000000000005)	(60, 5.2)	(62, 5.201)	(64, 5.202)	(66, 5.202)	(68, 5.203)	(70, 5.2035)	(72, 5.204)	(74, 5.206)	(76, 5.206)	(78, 5.2075)	(80, 5.209)	(82, 5.211)	(84, 5.211)	(86, 5.211)	(88, 5.214)	(90, 5.215999999999999)	(92, 5.217499999999999)	(94, 5.2204999999999995)	(96, 5.221)	(98, 5.223000000000001)	(100, 5.2255)	(102, 5.228)	(104, 5.2355)	(106, 5.2445)	(108, 5.2585)	(110, 5.2735)	(112, 5.2925)	(114, 5.3155)	(116, 5.345)	(118, 5.385)	(120, 5.426500000000001)	(122, 5.471)	(124, 5.5305)	(126, 5.6105)	(128, 5.6899999999999995)	(130, 5.795)	(132, 5.901999999999999)	(134, 6.025)	(136, 6.156499999999999)	(138, 6.3455)
SRR16013072_2.trimmed.fastq.gz - polya	(1, 0.04459187557779107)	(2, 0.05981836967752461)	(3, 0.07830768394148675)	(4, 0.09788460492685845)	(5, 0.12072434607645875)	(6, 0.14900212083310674)	(7, 0.1729294687041166)	(8, 0.21425852411767904)	(9, 0.26428843330251783)	(10, 0.33389526347272824)	(12, 0.42035999782478656)	(14, 0.5024743052912067)	(16, 0.5927456631681984)	(18, 0.6786665941595519)	(20, 0.7667627385937246)	(22, 0.8369133721246398)	(24, 0.9364293871336125)	(26, 1.0288759584534233)	(28, 1.17787807928653)	(30, 1.23715264560335)	(32, 1.2964272119201696)	(34, 1.3437381043014847)	(36, 1.396487030289847)	(38, 1.4378160857034097)	(40, 1.481320354559791)	(42, 1.515036162923487)	(44, 1.5367882973516775)	(46, 1.5672412855511446)	(48, 1.5987818804720213)	(50, 1.6259720485072597)	(52, 1.6455489694926313)	(54, 1.6683887106422317)	(56, 1.6852466148240794)	(58, 1.7010169122845178)	(60, 1.7173310131056612)	(62, 1.7385393441731471)	(64, 1.75485344499429)	(66, 1.7733427592582522)	(68, 1.7934634836043286)	(70, 1.8076023709826528)	(72, 1.8228288650823863)	(74, 1.8337049322964816)	(76, 1.848931426396215)	(78, 1.86089510033172)	(80, 1.870139757463701)	(82, 1.8788406112349776)	(84, 1.8864538582848442)	(86, 1.8973299254989395)	(88, 1.912556419598673)	(90, 1.9228886834520638)	(92, 1.937027570830388)	(94, 1.9560606884550547)	(96, 1.9734623959976072)	(98, 1.9799880363260645)	(100, 1.9865136766545217)	(102, 1.9968459405079124)	(104, 2.0082658110827127)	(106, 2.016966664853989)	(108, 2.026755125346675)	(110, 2.035455979117951)	(112, 2.0425254228071132)	(114, 2.044156832889227)	(116, 2.0485072597748655)	(118, 2.057751916906846)	(120, 2.0669965740388276)	(122, 2.0740660177279895)	(124, 2.0784164446136275)	(126, 2.084942084942085)	(128, 2.094186742074066)	(130, 2.101256185763228)	(132, 2.1077818260916854)	(134, 2.110500842895209)	(136, 2.115395073141552)	(138, 2.1181140899450757)
SRR16013072_2.trimmed.fastq.gz - polyg	(1, 0.5459785741475882)	(2, 0.5579422480830931)	(3, 0.5579422480830931)	(4, 0.5579422480830931)	(5, 0.5601174615259122)	(6, 0.5601174615259122)	(7, 0.5612050682473217)	(8, 0.5612050682473217)	(9, 0.5622926749687313)	(10, 0.5655554951329599)	(12, 0.5660992984936647)	(14, 0.5666431018543695)	(16, 0.5666431018543695)	(18, 0.5666431018543695)	(20, 0.5666431018543695)	(22, 0.5666431018543695)	(24, 0.5666431018543695)	(26, 0.5666431018543695)	(28, 0.5666431018543695)	(30, 0.5666431018543695)	(32, 0.5666431018543695)	(34, 0.5666431018543695)	(36, 0.5666431018543695)	(38, 0.5666431018543695)	(40, 0.5666431018543695)	(42, 0.5666431018543695)	(44, 0.5666431018543695)	(46, 0.5666431018543695)	(48, 0.5666431018543695)	(50, 0.5666431018543695)	(52, 0.5666431018543695)	(54, 0.5666431018543695)	(56, 0.5666431018543695)	(58, 0.5666431018543695)	(60, 0.5666431018543695)	(62, 0.5666431018543695)	(64, 0.5666431018543695)	(66, 0.5666431018543695)	(68, 0.5666431018543695)	(70, 0.5666431018543695)	(72, 0.5666431018543695)	(74, 0.567730708575779)	(76, 0.567730708575779)	(78, 0.5688183152971885)	(80, 0.5688183152971885)	(82, 0.5688183152971885)	(84, 0.5688183152971885)	(86, 0.5688183152971885)	(88, 0.5688183152971885)	(90, 0.5688183152971885)	(92, 0.5688183152971885)	(94, 0.5693621186578932)	(96, 0.569905922018598)	(98, 0.569905922018598)	(100, 0.569905922018598)	(102, 0.569905922018598)	(104, 0.569905922018598)	(106, 0.569905922018598)	(108, 0.569905922018598)	(110, 0.569905922018598)	(112, 0.569905922018598)	(114, 0.5704497253793028)	(116, 0.5720811354614171)	(118, 0.5720811354614171)	(120, 0.5737125455435315)	(122, 0.5742563489042363)	(124, 0.5753439556256458)	(126, 0.5753439556256458)	(128, 0.5753439556256458)	(130, 0.5753439556256458)	(132, 0.5753439556256458)	(134, 0.5753439556256458)	(136, 0.5753439556256458)	(138, 0.5753439556256458)
SRR16013073_1.fastq.gz - illumina_universal_adapter	(1, 0.0)	(2, 0.0)	(3, 0.0)	(4, 0.0)	(5, 0.0)	(6, 0.0)	(7, 0.0)	(8, 0.0)	(9, 0.0)	(10, 0.0)	(12, 0.0)	(14, 0.0)	(16, 0.0)	(18, 0.001)	(20, 0.002)	(22, 0.002)	(24, 0.003)	(26, 0.003)	(28, 0.004)	(30, 0.006500000000000001)	(32, 0.009)	(34, 0.009999999999999998)	(36, 0.0155)	(38, 0.0195)	(40, 0.023)	(42, 0.028)	(44, 0.039)	(46, 0.049)	(48, 0.062)	(50, 0.0785)	(52, 0.10550000000000001)	(54, 0.1315)	(56, 0.17149999999999999)	(58, 0.22149999999999997)	(60, 0.308)	(62, 0.394)	(64, 0.487)	(66, 0.5974999999999999)	(68, 0.7395)	(70, 0.9019999999999999)	(72, 1.0985)	(74, 1.3585)	(76, 1.664)	(78, 2.004)	(80, 2.3994999999999997)	(82, 2.8805)	(84, 3.4505)	(86, 4.0585)	(88, 4.7635000000000005)	(90, 5.474500000000001)	(92, 6.3205)	(94, 7.319)	(96, 8.536000000000001)	(98, 9.8145)	(100, 11.189)	(102, 12.506499999999999)	(104, 14.0305)	(106, 15.5845)	(108, 17.087)	(110, 18.5855)	(112, 20.064500000000002)	(114, 21.811999999999998)	(116, 23.4765)	(118, 25.2875)	(120, 26.9465)	(122, 28.5915)	(124, 30.317999999999998)	(126, 32.0425)	(128, 33.662)	(130, 35.150999999999996)	(132, 36.605000000000004)	(134, 38.0035)	(136, 39.424)	(138, 40.838499999999996)
SRR16013073_1.fastq.gz - polya	(1, 0.031)	(2, 0.034)	(3, 0.048)	(4, 0.06)	(5, 0.067)	(6, 0.071)	(7, 0.08)	(8, 0.093)	(9, 0.112)	(10, 0.1245)	(12, 0.134)	(14, 0.149)	(16, 0.158)	(18, 0.165)	(20, 0.1765)	(22, 0.187)	(24, 0.199)	(26, 0.2065)	(28, 0.213)	(30, 0.226)	(32, 0.2355)	(34, 0.242)	(36, 0.2485)	(38, 0.256)	(40, 0.27)	(42, 0.2795)	(44, 0.289)	(46, 0.296)	(48, 0.3025)	(50, 0.306)	(52, 0.3185)	(54, 0.333)	(56, 0.3405)	(58, 0.344)	(60, 0.35)	(62, 0.3555)	(64, 0.361)	(66, 0.37)	(68, 0.379)	(70, 0.3845)	(72, 0.3885)	(74, 0.393)	(76, 0.3995)	(78, 0.41)	(80, 0.4155)	(82, 0.424)	(84, 0.431)	(86, 0.439)	(88, 0.4485)	(90, 0.4545)	(92, 0.462)	(94, 0.4675)	(96, 0.478)	(98, 0.485)	(100, 0.4895)	(102, 0.4965)	(104, 0.502)	(106, 0.507)	(108, 0.511)	(110, 0.515)	(112, 0.521)	(114, 0.5235000000000001)	(116, 0.53)	(118, 0.5335000000000001)	(120, 0.537)	(122, 0.5425)	(124, 0.548)	(126, 0.556)	(128, 0.561)	(130, 0.563)	(132, 0.565)	(134, 0.5685)	(136, 0.5705)	(138, 0.5745)
SRR16013073_1.fastq.gz - polyg	(1, 0.0)	(2, 0.0)	(3, 0.001)	(4, 0.001)	(5, 0.001)	(6, 0.001)	(7, 0.001)	(8, 0.002)	(9, 0.002)	(10, 0.002)	(12, 0.002)	(14, 0.002)	(16, 0.0025)	(18, 0.003)	(20, 0.003)	(22, 0.003)	(24, 0.003)	(26, 0.003)	(28, 0.003)	(30, 0.0035)	(32, 0.004)	(34, 0.004)	(36, 0.004)	(38, 0.004)	(40, 0.0045000000000000005)	(42, 0.005)	(44, 0.005)	(46, 0.005)	(48, 0.005)	(50, 0.005)	(52, 0.006)	(54, 0.007)	(56, 0.007)	(58, 0.007)	(60, 0.007)	(62, 0.007)	(64, 0.007)	(66, 0.007)	(68, 0.008)	(70, 0.0175)	(72, 0.019)	(74, 0.019)	(76, 0.019)	(78, 0.019)	(80, 0.019)	(82, 0.019)	(84, 0.019)	(86, 0.02)	(88, 0.0225)	(90, 0.023)	(92, 0.023)	(94, 0.024)	(96, 0.024)	(98, 0.0245)	(100, 0.0275)	(102, 0.0295)	(104, 0.032)	(106, 0.037)	(108, 0.0405)	(110, 0.0465)	(112, 0.052000000000000005)	(114, 0.064)	(116, 0.075)	(118, 0.0915)	(120, 0.11149999999999999)	(122, 0.14700000000000002)	(124, 0.1805)	(126, 0.221)	(128, 0.276)	(130, 0.382)	(132, 0.47450000000000003)	(134, 0.5805)	(136, 0.7155)	(138, 0.871)
SRR16013073_1.trimmed.fastq.gz - polya	(1, 0.03195768361893217)	(2, 0.03526365088985619)	(3, 0.04958950906386027)	(4, 0.05840542178632432)	(5, 0.06281337814755635)	(6, 0.06722133450878837)	(7, 0.0749352581409444)	(8, 0.08595514904402446)	(9, 0.10468896357926057)	(10, 0.11681084357264863)	(12, 0.12562675629511266)	(14, 0.14050360901427075)	(16, 0.1493195217367348)	(18, 0.15648245082373685)	(20, 0.1691553253622789)	(22, 0.18017521626535898)	(24, 0.19229709625874702)	(26, 0.19890903080059508)	(28, 0.20441897625213512)	(30, 0.21819383988098517)	(32, 0.22756074714860322)	(34, 0.23362168714529727)	(36, 0.2396826271419913)	(38, 0.24739655077414735)	(40, 0.2606204198578434)	(42, 0.2705383216706155)	(44, 0.2782522453027715)	(46, 0.28486417984461954)	(48, 0.2903741252961596)	(50, 0.2942310871122376)	(52, 0.30635296710562565)	(54, 0.3201278307344757)	(56, 0.32784175436663177)	(58, 0.3305967270924018)	(60, 0.33610667254394183)	(62, 0.34106562345032787)	(64, 0.34712656344702186)	(66, 0.3548404870791779)	(68, 0.36310540525648793)	(70, 0.36696236707256596)	(72, 0.369166345253182)	(74, 0.373574301614414)	(76, 0.37908424706595406)	(78, 0.38734916524326407)	(80, 0.3928591106948041)	(82, 0.4016750234172682)	(84, 0.4082869579591162)	(86, 0.41544988704611824)	(88, 0.4253677888588903)	(90, 0.4314287288555843)	(92, 0.43859165794258637)	(94, 0.4435506088489724)	(96, 0.45401950520689843)	(98, 0.45842746156813047)	(100, 0.4622844233842085)	(102, 0.46889635792605655)	(104, 0.47385530883244253)	(106, 0.47771227064852056)	(108, 0.4815692324645986)	(110, 0.48597718882583063)	(112, 0.49038514518706267)	(114, 0.4925891233676787)	(116, 0.49754807427406467)	(118, 0.4997520524546807)	(120, 0.5025070251804508)	(122, 0.5063639869965287)	(124, 0.5102209488126067)	(126, 0.5179348724447628)	(128, 0.5223428288059948)	(130, 0.5245468069866108)	(132, 0.5261997906220728)	(134, 0.5284037688026888)	(136, 0.5306077469833048)	(138, 0.5350157033445369)
SRR16013073_2.fastq.gz - illumina_universal_adapter	(1, 0.0)	(2, 0.0)	(3, 0.0)	(4, 0.0)	(5, 0.0)	(6, 0.0)	(7, 0.0)	(8, 0.0)	(9, 0.0)	(10, 0.0)	(12, 0.0)	(14, 0.0)	(16, 0.0)	(18, 0.001)	(20, 0.002)	(22, 0.002)	(24, 0.003)	(26, 0.003)	(28, 0.004)	(30, 0.006500000000000001)	(32, 0.009)	(34, 0.009999999999999998)	(36, 0.0155)	(38, 0.0195)	(40, 0.024)	(42, 0.0285)	(44, 0.039)	(46, 0.05)	(48, 0.063)	(50, 0.079)	(52, 0.10550000000000001)	(54, 0.133)	(56, 0.172)	(58, 0.22099999999999997)	(60, 0.3025)	(62, 0.38849999999999996)	(64, 0.47950000000000004)	(66, 0.5895)	(68, 0.73)	(70, 0.8979999999999999)	(72, 1.0935)	(74, 1.357)	(76, 1.6615000000000002)	(78, 2.0075)	(80, 2.4035)	(82, 2.8810000000000002)	(84, 3.4585)	(86, 4.074)	(88, 4.7905)	(90, 5.5245)	(92, 6.4)	(94, 7.4195)	(96, 8.656)	(98, 9.931000000000001)	(100, 11.3095)	(102, 12.622499999999999)	(104, 14.154)	(106, 15.718)	(108, 17.2345)	(110, 18.7085)	(112, 20.196)	(114, 21.9355)	(116, 23.5765)	(118, 25.3425)	(120, 26.997)	(122, 28.604)	(124, 30.307000000000002)	(126, 32.0035)	(128, 33.599000000000004)	(130, 35.0835)	(132, 36.536)	(134, 37.9305)	(136, 39.347)	(138, 40.766)
SRR16013073_2.fastq.gz - polya	(1, 0.038)	(2, 0.055)	(3, 0.088)	(4, 0.121)	(5, 0.162)	(6, 0.208)	(7, 0.263)	(8, 0.332)	(9, 0.398)	(10, 0.481)	(12, 0.608)	(14, 0.746)	(16, 0.8905000000000001)	(18, 1.026)	(20, 1.1360000000000001)	(22, 1.2610000000000001)	(24, 1.3685)	(26, 1.471)	(28, 1.5545)	(30, 1.6475)	(32, 1.7149999999999999)	(34, 1.815)	(36, 1.8935)	(38, 1.9689999999999999)	(40, 2.0675)	(42, 2.1365)	(44, 2.2155)	(46, 2.287)	(48, 2.3625)	(50, 2.442)	(52, 2.5115)	(54, 2.584)	(56, 2.6505)	(58, 2.7195)	(60, 2.7800000000000002)	(62, 2.829)	(64, 2.8914999999999997)	(66, 2.963)	(68, 3.036)	(70, 3.104)	(72, 3.168)	(74, 3.225)	(76, 3.2845)	(78, 3.3365)	(80, 3.3895)	(82, 3.444)	(84, 3.5085)	(86, 3.572)	(88, 3.617)	(90, 3.6765)	(92, 3.7315)	(94, 3.7865)	(96, 3.8295)	(98, 3.8680000000000003)	(100, 3.9195)	(102, 3.9575)	(104, 4.0015)	(106, 4.0355)	(108, 4.0785)	(110, 4.121)	(112, 4.1530000000000005)	(114, 4.1845)	(116, 4.2155000000000005)	(118, 4.258)	(120, 4.2829999999999995)	(122, 4.304)	(124, 4.3395)	(126, 4.365)	(128, 4.384)	(130, 4.4055)	(132, 4.4365)	(134, 4.461)	(136, 4.481999999999999)	(138, 4.51)
SRR16013073_2.fastq.gz - polyg	(1, 5.201)	(2, 5.298)	(3, 5.298)	(4, 5.298)	(5, 5.299)	(6, 5.303)	(7, 5.305)	(8, 5.308)	(9, 5.311)	(10, 5.318)	(12, 5.3265)	(14, 5.329000000000001)	(16, 5.3315)	(18, 5.334)	(20, 5.335)	(22, 5.3375)	(24, 5.339)	(26, 5.34)	(28, 5.34)	(30, 5.3405000000000005)	(32, 5.341)	(34, 5.341)	(36, 5.341)	(38, 5.343)	(40, 5.343)	(42, 5.344)	(44, 5.3445)	(46, 5.3454999999999995)	(48, 5.346)	(50, 5.346)	(52, 5.3475)	(54, 5.348)	(56, 5.3485)	(58, 5.349)	(60, 5.35)	(62, 5.35)	(64, 5.351)	(66, 5.351)	(68, 5.355)	(70, 5.3565000000000005)	(72, 5.358)	(74, 5.358499999999999)	(76, 5.361)	(78, 5.3614999999999995)	(80, 5.362)	(82, 5.362500000000001)	(84, 5.3655)	(86, 5.3705)	(88, 5.373)	(90, 5.375)	(92, 5.3774999999999995)	(94, 5.387499999999999)	(96, 5.394)	(98, 5.3995)	(100, 5.4055)	(102, 5.417)	(104, 5.4325)	(106, 5.455)	(108, 5.4885)	(110, 5.5335)	(112, 5.583)	(114, 5.656000000000001)	(116, 5.7155000000000005)	(118, 5.8185)	(120, 5.9315)	(122, 6.059)	(124, 6.228)	(126, 6.4399999999999995)	(128, 6.6530000000000005)	(130, 6.9485)	(132, 7.2735)	(134, 7.6955)	(136, 8.182)	(138, 8.6675)
SRR16013073_2.trimmed.fastq.gz - polya	(1, 0.03305967270924018)	(2, 0.04848751997355226)	(3, 0.06942531268940437)	(4, 0.08926111631494849)	(5, 0.12121879993388066)	(6, 0.16199239627527687)	(7, 0.20937792715852113)	(8, 0.25345749077084134)	(9, 0.3030469998347016)	(10, 0.36641137252741196)	(12, 0.45677447793266845)	(14, 0.5432806215218469)	(16, 0.6330927323819494)	(18, 0.7118849523389719)	(20, 0.7774533032122982)	(22, 0.8573475122596286)	(24, 0.9152019395007989)	(26, 0.9697503994710452)	(28, 1.0105239958124415)	(30, 1.0529505757892998)	(32, 1.0766433412309218)	(34, 1.108601024849854)	(36, 1.1422116921042482)	(38, 1.1631494848201003)	(40, 1.2044740757066505)	(42, 1.2237588847870406)	(44, 1.248553639318971)	(46, 1.2639814865832828)	(48, 1.279960328392749)	(50, 1.298143148382831)	(52, 1.3179789520083751)	(54, 1.3367127665436112)	(56, 1.3532426028982314)	(58, 1.3703234337980055)	(60, 1.3846492919720095)	(62, 1.4006281337814754)	(64, 1.4199129428618655)	(66, 1.4303818392197918)	(68, 1.4447076973937958)	(70, 1.4595845501129538)	(72, 1.479971348283652)	(74, 1.4948482010028101)	(76, 1.5097250537219682)	(78, 1.5174389773541241)	(80, 1.5229489228056643)	(82, 1.5295608573475123)	(84, 1.5361727918893604)	(86, 1.5477436773375943)	(88, 1.5538046173342883)	(90, 1.5604165518761364)	(92, 1.5681304755082923)	(94, 1.5774973827759107)	(96, 1.5857623009532205)	(98, 1.5874152845886824)	(100, 1.5929252300402226)	(102, 1.5934762245853766)	(104, 1.5956802027659927)	(106, 1.6000881591272247)	(108, 1.6061490991239187)	(110, 1.6116590445754588)	(112, 1.6171689900269988)	(114, 1.6243319191140007)	(116, 1.6276378863849246)	(118, 1.6320458427461568)	(120, 1.6375557881976968)	(122, 1.641412750013775)	(124, 1.6480246845556228)	(126, 1.652983635462009)	(128, 1.655738608187779)	(130, 1.6568405972780869)	(132, 1.665656510000551)	(134, 1.671717449997245)	(136, 1.678880379084247)	(138, 1.683288335445479)
SRR16013073_2.trimmed.fastq.gz - polyg	(1, 0.28651716348008155)	(2, 0.2909251198413136)	(3, 0.2909251198413136)	(4, 0.2909251198413136)	(5, 0.2909251198413136)	(6, 0.2920271089316216)	(7, 0.2920271089316216)	(8, 0.2920271089316216)	(9, 0.2920271089316216)	(10, 0.2920271089316216)	(12, 0.2920271089316216)	(14, 0.2920271089316216)	(16, 0.2920271089316216)	(18, 0.2920271089316216)	(20, 0.2920271089316216)	(22, 0.2920271089316216)	(24, 0.2920271089316216)	(26, 0.2920271089316216)	(28, 0.2920271089316216)	(30, 0.2920271089316216)	(32, 0.2920271089316216)	(34, 0.2920271089316216)	(36, 0.2920271089316216)	(38, 0.2920271089316216)	(40, 0.2920271089316216)	(42, 0.2920271089316216)	(44, 0.2920271089316216)	(46, 0.2920271089316216)	(48, 0.2920271089316216)	(50, 0.2920271089316216)	(52, 0.2920271089316216)	(54, 0.2920271089316216)	(56, 0.2920271089316216)	(58, 0.2920271089316216)	(60, 0.2920271089316216)	(62, 0.2920271089316216)	(64, 0.2920271089316216)	(66, 0.2920271089316216)	(68, 0.2920271089316216)	(70, 0.2920271089316216)	(72, 0.2920271089316216)	(74, 0.2920271089316216)	(76, 0.2920271089316216)	(78, 0.2920271089316216)	(80, 0.2920271089316216)	(82, 0.2920271089316216)	(84, 0.2920271089316216)	(86, 0.2920271089316216)	(88, 0.2920271089316216)	(90, 0.2920271089316216)	(92, 0.2920271089316216)	(94, 0.2920271089316216)	(96, 0.2925781034767756)	(98, 0.2942310871122376)	(100, 0.2947820816573916)	(102, 0.29643506529285363)	(104, 0.29643506529285363)	(106, 0.29643506529285363)	(108, 0.29698605983800763)	(110, 0.2975370543831616)	(112, 0.2980880489283156)	(114, 0.2986390434734696)	(116, 0.2986390434734696)	(118, 0.2997410325637776)	(120, 0.2997410325637776)	(122, 0.2997410325637776)	(124, 0.2997410325637776)	(126, 0.3002920271089316)	(128, 0.3013940161992396)	(130, 0.3030469998347016)	(132, 0.3030469998347016)	(134, 0.30359799437985563)	(136, 0.30414898892500963)	(138, 0.30414898892500963)
SRR16013074_1.fastq.gz - illumina_universal_adapter	(1, 0.0)	(2, 0.0)	(3, 0.0)	(4, 0.0)	(5, 0.0)	(6, 0.0)	(7, 0.0)	(8, 0.0)	(9, 0.0)	(10, 0.0)	(12, 0.0015)	(14, 0.003)	(16, 0.0045000000000000005)	(18, 0.006)	(20, 0.006)	(22, 0.006)	(24, 0.009)	(26, 0.009)	(28, 0.01)	(30, 0.0115)	(32, 0.0135)	(34, 0.015)	(36, 0.018500000000000003)	(38, 0.027)	(40, 0.0325)	(42, 0.043)	(44, 0.052000000000000005)	(46, 0.0655)	(48, 0.0805)	(50, 0.105)	(52, 0.1315)	(54, 0.16949999999999998)	(56, 0.20900000000000002)	(58, 0.256)	(60, 0.323)	(62, 0.40549999999999997)	(64, 0.52)	(66, 0.6345000000000001)	(68, 0.782)	(70, 0.962)	(72, 1.1989999999999998)	(74, 1.491)	(76, 1.795)	(78, 2.137)	(80, 2.5315000000000003)	(82, 3.0084999999999997)	(84, 3.6335)	(86, 4.263)	(88, 4.942)	(90, 5.702999999999999)	(92, 6.603)	(94, 7.716)	(96, 9.0035)	(98, 10.323)	(100, 11.677499999999998)	(102, 13.072)	(104, 14.616499999999998)	(106, 16.206500000000002)	(108, 17.767000000000003)	(110, 19.3)	(112, 20.8295)	(114, 22.668)	(116, 24.391)	(118, 26.2065)	(120, 27.936)	(122, 29.6895)	(124, 31.429000000000002)	(126, 33.192)	(128, 34.816)	(130, 36.338499999999996)	(132, 37.7745)	(134, 39.223)	(136, 40.695)	(138, 42.120999999999995)
SRR16013074_1.fastq.gz - polya	(1, 0.042)	(2, 0.053)	(3, 0.059)	(4, 0.065)	(5, 0.073)	(6, 0.08)	(7, 0.086)	(8, 0.098)	(9, 0.114)	(10, 0.126)	(12, 0.1355)	(14, 0.147)	(16, 0.1535)	(18, 0.1595)	(20, 0.164)	(22, 0.1795)	(24, 0.1875)	(26, 0.202)	(28, 0.2125)	(30, 0.2265)	(32, 0.2345)	(34, 0.248)	(36, 0.259)	(38, 0.266)	(40, 0.2735)	(42, 0.284)	(44, 0.297)	(46, 0.3045)	(48, 0.3085)	(50, 0.313)	(52, 0.32)	(54, 0.328)	(56, 0.3395)	(58, 0.3505)	(60, 0.3565)	(62, 0.3665)	(64, 0.374)	(66, 0.382)	(68, 0.39)	(70, 0.3985)	(72, 0.4115)	(74, 0.418)	(76, 0.4215)	(78, 0.4315)	(80, 0.441)	(82, 0.446)	(84, 0.4565)	(86, 0.4675)	(88, 0.474)	(90, 0.4855)	(92, 0.493)	(94, 0.496)	(96, 0.503)	(98, 0.509)	(100, 0.513)	(102, 0.5215000000000001)	(104, 0.5255000000000001)	(106, 0.5315000000000001)	(108, 0.546)	(110, 0.551)	(112, 0.556)	(114, 0.5615)	(116, 0.5694999999999999)	(118, 0.5754999999999999)	(120, 0.5774999999999999)	(122, 0.5794999999999999)	(124, 0.584)	(126, 0.593)	(128, 0.5974999999999999)	(130, 0.602)	(132, 0.606)	(134, 0.609)	(136, 0.611)	(138, 0.613)
SRR16013074_1.fastq.gz - polyg	(1, 0.0)	(2, 0.0)	(3, 0.0)	(4, 0.0)	(5, 0.0)	(6, 0.001)	(7, 0.001)	(8, 0.001)	(9, 0.001)	(10, 0.001)	(12, 0.001)	(14, 0.001)	(16, 0.001)	(18, 0.001)	(20, 0.001)	(22, 0.001)	(24, 0.001)	(26, 0.001)	(28, 0.0015)	(30, 0.003)	(32, 0.003)	(34, 0.003)	(36, 0.003)	(38, 0.003)	(40, 0.003)	(42, 0.003)	(44, 0.003)	(46, 0.003)	(48, 0.003)	(50, 0.003)	(52, 0.003)	(54, 0.004)	(56, 0.004)	(58, 0.004)	(60, 0.004)	(62, 0.004)	(64, 0.004)	(66, 0.004)	(68, 0.0045000000000000005)	(70, 0.0165)	(72, 0.018)	(74, 0.018)	(76, 0.018)	(78, 0.018)	(80, 0.0185)	(82, 0.0205)	(84, 0.022)	(86, 0.0265)	(88, 0.028)	(90, 0.0285)	(92, 0.029)	(94, 0.032)	(96, 0.034)	(98, 0.035)	(100, 0.0385)	(102, 0.0415)	(104, 0.044)	(106, 0.0485)	(108, 0.059)	(110, 0.065)	(112, 0.0735)	(114, 0.08449999999999999)	(116, 0.1)	(118, 0.1195)	(120, 0.1525)	(122, 0.189)	(124, 0.23049999999999998)	(126, 0.274)	(128, 0.3325)	(130, 0.4095)	(132, 0.505)	(134, 0.6385000000000001)	(136, 0.7815)	(138, 0.9530000000000001)
SRR16013074_1.trimmed.fastq.gz - polya	(1, 0.03971756398940865)	(2, 0.04964695498676081)	(3, 0.054060017652250665)	(4, 0.06067961165048544)	(5, 0.06840247131509268)	(6, 0.07391879964695498)	(7, 0.07833186231244484)	(8, 0.09157105030891438)	(9, 0.10701676963812887)	(10, 0.11915269196822595)	(12, 0.12632391879964694)	(14, 0.1390114739629303)	(16, 0.14618270079435128)	(18, 0.15280229479258606)	(20, 0.15776699029126212)	(22, 0.17266107678729037)	(24, 0.18148720211827007)	(26, 0.19527802294792584)	(28, 0.2046557811120918)	(30, 0.21789496910856132)	(32, 0.22672109443954103)	(34, 0.23996028243601059)	(36, 0.24988967343336277)	(38, 0.2565092674315975)	(40, 0.2642321270962048)	(42, 0.271954986760812)	(44, 0.2846425419240953)	(46, 0.29291703442188877)	(48, 0.2973300970873787)	(50, 0.30063989408649605)	(52, 0.3072594880847308)	(54, 0.3144307149161518)	(56, 0.32380847308031774)	(58, 0.33484112974404234)	(60, 0.3403574580759047)	(62, 0.35083848190644307)	(64, 0.3585613415710503)	(66, 0.3651809355692851)	(68, 0.37180052956751986)	(70, 0.3789717563989409)	(72, 0.3922109443954104)	(74, 0.396072374227714)	(76, 0.3977272727272727)	(78, 0.4071050308914387)	(80, 0.4159311562224184)	(82, 0.42144748455428066)	(84, 0.4302736098852604)	(86, 0.44130626654898497)	(88, 0.44627096204766104)	(90, 0.45344218887908205)	(92, 0.46116504854368934)	(94, 0.4644748455428067)	(96, 0.47109443954104147)	(98, 0.4766107678729038)	(100, 0.4810238305383936)	(102, 0.48929832303618714)	(104, 0.49371138570167694)	(106, 0.5003309796999118)	(108, 0.5119152691968225)	(110, 0.5163283318623124)	(112, 0.5218446601941747)	(114, 0.5279126213592233)	(116, 0.5356354810238306)	(118, 0.5406001765225066)	(120, 0.5422550750220654)	(122, 0.5444616063548102)	(124, 0.5488746690203001)	(126, 0.5571491615180936)	(128, 0.5610105913503971)	(130, 0.5648720211827007)	(132, 0.5681818181818182)	(134, 0.5714916151809355)	(136, 0.5736981465136805)	(138, 0.5759046778464254)
SRR16013074_2.fastq.gz - illumina_universal_adapter	(1, 0.0)	(2, 0.0)	(3, 0.0)	(4, 0.0)	(5, 0.0)	(6, 0.0)	(7, 0.0)	(8, 0.0)	(9, 0.0)	(10, 0.0)	(12, 0.0015)	(14, 0.002)	(16, 0.0035)	(18, 0.005)	(20, 0.005)	(22, 0.005)	(24, 0.007)	(26, 0.007)	(28, 0.008)	(30, 0.0095)	(32, 0.011)	(34, 0.013)	(36, 0.016)	(38, 0.025)	(40, 0.0305)	(42, 0.040499999999999994)	(44, 0.05)	(46, 0.0625)	(48, 0.077)	(50, 0.1005)	(52, 0.1285)	(54, 0.166)	(56, 0.20400000000000001)	(58, 0.251)	(60, 0.317)	(62, 0.40049999999999997)	(64, 0.5155000000000001)	(66, 0.633)	(68, 0.7829999999999999)	(70, 0.9644999999999999)	(72, 1.2014999999999998)	(74, 1.4955)	(76, 1.802)	(78, 2.1355)	(80, 2.5380000000000003)	(82, 3.0125)	(84, 3.6295)	(86, 4.2615)	(88, 4.9335)	(90, 5.6945)	(92, 6.6035)	(94, 7.7075000000000005)	(96, 8.982)	(98, 10.282)	(100, 11.6375)	(102, 13.0335)	(104, 14.5435)	(106, 16.1245)	(108, 17.6695)	(110, 19.188)	(112, 20.6905)	(114, 22.512)	(116, 24.24)	(118, 26.027)	(120, 27.747)	(122, 29.467)	(124, 31.176000000000002)	(126, 32.884)	(128, 34.476)	(130, 36.0145)	(132, 37.4715)	(134, 38.9185)	(136, 40.39)	(138, 41.807)
SRR16013074_2.fastq.gz - polya	(1, 0.052)	(2, 0.061)	(3, 0.095)	(4, 0.12)	(5, 0.161)	(6, 0.215)	(7, 0.266)	(8, 0.335)	(9, 0.408)	(10, 0.495)	(12, 0.6245)	(14, 0.759)	(16, 0.889)	(18, 1.0055)	(20, 1.1025)	(22, 1.218)	(24, 1.32)	(26, 1.417)	(28, 1.4965)	(30, 1.5699999999999998)	(32, 1.6425)	(34, 1.7075)	(36, 1.774)	(38, 1.854)	(40, 1.916)	(42, 1.979)	(44, 2.0465)	(46, 2.1105)	(48, 2.176)	(50, 2.234)	(52, 2.294)	(54, 2.3449999999999998)	(56, 2.396)	(58, 2.4450000000000003)	(60, 2.4845)	(62, 2.5305)	(64, 2.569)	(66, 2.614)	(68, 2.667)	(70, 2.7190000000000003)	(72, 2.772)	(74, 2.806)	(76, 2.8415)	(78, 2.87)	(80, 2.9025)	(82, 2.9379999999999997)	(84, 2.9715)	(86, 3.0125)	(88, 3.045)	(90, 3.075)	(92, 3.1015)	(94, 3.13)	(96, 3.1609999999999996)	(98, 3.185)	(100, 3.217)	(102, 3.2439999999999998)	(104, 3.274)	(106, 3.294)	(108, 3.3205)	(110, 3.3405)	(112, 3.3575)	(114, 3.3745000000000003)	(116, 3.392)	(118, 3.4065000000000003)	(120, 3.42)	(122, 3.436)	(124, 3.4535)	(126, 3.473)	(128, 3.4865000000000004)	(130, 3.4989999999999997)	(132, 3.5125)	(134, 3.5265)	(136, 3.5445)	(138, 3.5505)
SRR16013074_2.fastq.gz - polyg	(1, 5.445)	(2, 5.562)	(3, 5.563)	(4, 5.564)	(5, 5.565)	(6, 5.566)	(7, 5.568)	(8, 5.571)	(9, 5.576)	(10, 5.5835)	(12, 5.595)	(14, 5.5985)	(16, 5.6)	(18, 5.601)	(20, 5.602)	(22, 5.603)	(24, 5.603)	(26, 5.603)	(28, 5.604)	(30, 5.606)	(32, 5.608)	(34, 5.609999999999999)	(36, 5.612)	(38, 5.613)	(40, 5.613)	(42, 5.614)	(44, 5.615)	(46, 5.616)	(48, 5.616)	(50, 5.616)	(52, 5.616)	(54, 5.616)	(56, 5.6175)	(58, 5.62)	(60, 5.621)	(62, 5.622)	(64, 5.6225000000000005)	(66, 5.624)	(68, 5.624)	(70, 5.625)	(72, 5.625500000000001)	(74, 5.6265)	(76, 5.6305)	(78, 5.6355)	(80, 5.6370000000000005)	(82, 5.641)	(84, 5.6434999999999995)	(86, 5.647)	(88, 5.6545000000000005)	(90, 5.663)	(92, 5.67)	(94, 5.6775)	(96, 5.6850000000000005)	(98, 5.6955)	(100, 5.712)	(102, 5.731)	(104, 5.7490000000000006)	(106, 5.777)	(108, 5.8085)	(110, 5.843999999999999)	(112, 5.9030000000000005)	(114, 5.971500000000001)	(116, 6.038)	(118, 6.1259999999999994)	(120, 6.234999999999999)	(122, 6.3785)	(124, 6.5585)	(126, 6.779)	(128, 6.9795)	(130, 7.23)	(132, 7.5975)	(134, 7.9925)	(136, 8.499500000000001)	(138, 9.043)
SRR16013074_2.trimmed.fastq.gz - polya	(1, 0.050750220653133275)	(2, 0.05847308031774051)	(3, 0.08164165931156223)	(4, 0.09488084730803177)	(5, 0.12025595763459841)	(6, 0.16107678729037953)	(7, 0.19527802294792587)	(8, 0.250441306266549)	(9, 0.30229479258605474)	(10, 0.3679390997352162)	(12, 0.43854810238305386)	(14, 0.5257060900264784)	(16, 0.6040379523389232)	(18, 0.6669240953221536)	(20, 0.7198808473080318)	(22, 0.7673212709620476)	(24, 0.8142100617828774)	(26, 0.8544792586054721)	(28, 0.8903353927625772)	(30, 0.9146072374227714)	(32, 0.9510150044130626)	(34, 0.9714254192409533)	(36, 0.9885260370697264)	(38, 1.0122462488967343)	(40, 1.0310017652250663)	(42, 1.0431376875551632)	(44, 1.0558252427184467)	(46, 1.06409973521624)	(48, 1.0745807590467784)	(50, 1.0850617828773168)	(52, 1.1032656663724625)	(54, 1.118711385701677)	(56, 1.1319505736981466)	(58, 1.1479479258605472)	(60, 1.1584289496910856)	(62, 1.1667034421888791)	(64, 1.1727714033539276)	(66, 1.1804942630185349)	(68, 1.1915269196822593)	(70, 1.2009046778464254)	(72, 1.21193733451015)	(74, 1.2191085613415709)	(76, 1.2301412180052957)	(78, 1.235657546337158)	(80, 1.2411738746690202)	(82, 1.2505516328331863)	(84, 1.2566195939982348)	(86, 1.263790820829656)	(88, 1.2709620476610768)	(90, 1.2814430714916152)	(92, 1.2886142983230362)	(94, 1.2968887908208298)	(96, 1.3073698146513681)	(98, 1.3123345101500443)	(100, 1.3211606354810237)	(102, 1.328331862312445)	(104, 1.3349514563106797)	(106, 1.3388128861429833)	(108, 1.343225948808473)	(110, 1.3459841129744041)	(112, 1.3503971756398943)	(114, 1.35536187113857)	(116, 1.357568402471315)	(118, 1.3647396293027363)	(120, 1.3669461606354811)	(122, 1.3708075904677846)	(124, 1.3774271844660193)	(126, 1.3818402471315092)	(128, 1.3851500441306266)	(130, 1.3873565754633717)	(132, 1.3884598411297442)	(134, 1.3906663724624888)	(136, 1.3923212709620476)	(138, 1.3928729037952339)
SRR16013074_2.trimmed.fastq.gz - polyg	(1, 0.20410414827890555)	(2, 0.2085172109443954)	(3, 0.2085172109443954)	(4, 0.2085172109443954)	(5, 0.2085172109443954)	(6, 0.2085172109443954)	(7, 0.20962047661076788)	(8, 0.21072374227714033)	(9, 0.21072374227714033)	(10, 0.21072374227714033)	(12, 0.21072374227714033)	(14, 0.21072374227714033)	(16, 0.21072374227714033)	(18, 0.21072374227714033)	(20, 0.21072374227714033)	(22, 0.21072374227714033)	(24, 0.21072374227714033)	(26, 0.21072374227714033)	(28, 0.21072374227714033)	(30, 0.21072374227714033)	(32, 0.21072374227714033)	(34, 0.21072374227714033)	(36, 0.21072374227714033)	(38, 0.21072374227714033)	(40, 0.21072374227714033)	(42, 0.21072374227714033)	(44, 0.21072374227714033)	(46, 0.21072374227714033)	(48, 0.21072374227714033)	(50, 0.21072374227714033)	(52, 0.21072374227714033)	(54, 0.21072374227714033)	(56, 0.21072374227714033)	(58, 0.21072374227714033)	(60, 0.21072374227714033)	(62, 0.21072374227714033)	(64, 0.21072374227714033)	(66, 0.21072374227714033)	(68, 0.21072374227714033)	(70, 0.21072374227714033)	(72, 0.21072374227714033)	(74, 0.21072374227714033)	(76, 0.21072374227714033)	(78, 0.2118270079435128)	(80, 0.2118270079435128)	(82, 0.21293027360988526)	(84, 0.21293027360988526)	(86, 0.21293027360988526)	(88, 0.21403353927625773)	(90, 0.21513680494263018)	(92, 0.21513680494263018)	(94, 0.21513680494263018)	(96, 0.21624007060900266)	(98, 0.21624007060900266)	(100, 0.2173433362753751)	(102, 0.21844660194174756)	(104, 0.22010150044130627)	(106, 0.22065313327449249)	(108, 0.22451456310679613)	(110, 0.22561782877316858)	(112, 0.2278243601059135)	(114, 0.2294792586054722)	(116, 0.2294792586054722)	(118, 0.23113415710503088)	(120, 0.23168578993821712)	(122, 0.23334068843777583)	(124, 0.23554721977052073)	(126, 0.23720211827007945)	(128, 0.2377537511032657)	(130, 0.23940864960282435)	(132, 0.23940864960282435)	(134, 0.24051191526919682)	(136, 0.24051191526919682)	(138, 0.24051191526919682)
SRR16013082_1.fastq.gz - illumina_universal_adapter	(1, 0.0)	(2, 0.0)	(3, 0.0)	(4, 0.0)	(5, 0.0)	(6, 0.0)	(7, 0.0)	(8, 0.0)	(9, 0.0)	(10, 0.0)	(12, 0.0)	(14, 0.001)	(16, 0.0025)	(18, 0.003)	(20, 0.003)	(22, 0.003)	(24, 0.003)	(26, 0.003)	(28, 0.003)	(30, 0.004)	(32, 0.0045000000000000005)	(34, 0.006500000000000001)	(36, 0.008)	(38, 0.0135)	(40, 0.0175)	(42, 0.022)	(44, 0.0275)	(46, 0.0385)	(48, 0.046)	(50, 0.0615)	(52, 0.079)	(54, 0.0935)	(56, 0.11299999999999999)	(58, 0.14500000000000002)	(60, 0.191)	(62, 0.2435)	(64, 0.3045)	(66, 0.381)	(68, 0.46799999999999997)	(70, 0.5974999999999999)	(72, 0.7464999999999999)	(74, 0.9295)	(76, 1.141)	(78, 1.3905)	(80, 1.67)	(82, 2.0309999999999997)	(84, 2.467)	(86, 2.9255)	(88, 3.446)	(90, 4.0345)	(92, 4.7875)	(94, 5.687)	(96, 6.6745)	(98, 7.6419999999999995)	(100, 8.8155)	(102, 10.044)	(104, 11.356)	(106, 12.672)	(108, 14.0885)	(110, 15.565999999999999)	(112, 17.069499999999998)	(114, 18.688000000000002)	(116, 20.364)	(118, 22.124499999999998)	(120, 23.744500000000002)	(122, 25.3525)	(124, 27.0895)	(126, 28.826)	(128, 30.4095)	(130, 32.024)	(132, 33.5195)	(134, 35.1)	(136, 36.6225)	(138, 38.107)
SRR16013082_1.fastq.gz - polya	(1, 0.022)	(2, 0.027)	(3, 0.037)	(4, 0.045)	(5, 0.051)	(6, 0.054)	(7, 0.059)	(8, 0.065)	(9, 0.082)	(10, 0.098)	(12, 0.112)	(14, 0.124)	(16, 0.133)	(18, 0.1385)	(20, 0.1525)	(22, 0.167)	(24, 0.1795)	(26, 0.1935)	(28, 0.209)	(30, 0.215)	(32, 0.2265)	(34, 0.2345)	(36, 0.244)	(38, 0.2495)	(40, 0.263)	(42, 0.275)	(44, 0.296)	(46, 0.307)	(48, 0.319)	(50, 0.3325)	(52, 0.34)	(54, 0.343)	(56, 0.3495)	(58, 0.36)	(60, 0.3675)	(62, 0.3755)	(64, 0.3885)	(66, 0.3975)	(68, 0.405)	(70, 0.4175)	(72, 0.425)	(74, 0.4325)	(76, 0.439)	(78, 0.4435)	(80, 0.4555)	(82, 0.4625)	(84, 0.465)	(86, 0.4765)	(88, 0.483)	(90, 0.487)	(92, 0.4925)	(94, 0.507)	(96, 0.5145)	(98, 0.518)	(100, 0.5255000000000001)	(102, 0.533)	(104, 0.539)	(106, 0.548)	(108, 0.5545)	(110, 0.5615)	(112, 0.571)	(114, 0.577)	(116, 0.582)	(118, 0.587)	(120, 0.5925)	(122, 0.595)	(124, 0.6014999999999999)	(126, 0.613)	(128, 0.616)	(130, 0.62)	(132, 0.627)	(134, 0.6315)	(136, 0.637)	(138, 0.6415)
SRR16013082_1.fastq.gz - polyg	(1, 0.0)	(2, 0.0)	(3, 0.0)	(4, 0.0)	(5, 0.0)	(6, 0.0)	(7, 0.0)	(8, 0.0)	(9, 0.0)	(10, 0.001)	(12, 0.001)	(14, 0.001)	(16, 0.001)	(18, 0.002)	(20, 0.002)	(22, 0.002)	(24, 0.002)	(26, 0.002)	(28, 0.002)	(30, 0.002)	(32, 0.0025)	(34, 0.004)	(36, 0.004)	(38, 0.004)	(40, 0.004)	(42, 0.004)	(44, 0.005)	(46, 0.005)	(48, 0.005)	(50, 0.005)	(52, 0.0055)	(54, 0.006)	(56, 0.006)	(58, 0.006500000000000001)	(60, 0.007)	(62, 0.007)	(64, 0.007)	(66, 0.007)	(68, 0.007)	(70, 0.012)	(72, 0.016)	(74, 0.016)	(76, 0.016)	(78, 0.0165)	(80, 0.017)	(82, 0.017)	(84, 0.0175)	(86, 0.019)	(88, 0.02)	(90, 0.02)	(92, 0.02)	(94, 0.02)	(96, 0.0215)	(98, 0.022)	(100, 0.0225)	(102, 0.0235)	(104, 0.027999999999999997)	(106, 0.0315)	(108, 0.0375)	(110, 0.041)	(112, 0.043)	(114, 0.0495)	(116, 0.056999999999999995)	(118, 0.0695)	(120, 0.08199999999999999)	(122, 0.10450000000000001)	(124, 0.121)	(126, 0.14300000000000002)	(128, 0.176)	(130, 0.2165)	(132, 0.27849999999999997)	(134, 0.33799999999999997)	(136, 0.40900000000000003)	(138, 0.502)
SRR16013082_1.trimmed.fastq.gz - polya	(1, 0.023603883911807306)	(2, 0.026822595354326486)	(3, 0.036478729681884016)	(4, 0.04398905638109543)	(5, 0.05042647926613379)	(6, 0.05149938308030685)	(7, 0.05364519070865297)	(8, 0.05900970977951826)	(9, 0.0740303631779411)	(10, 0.08690520894801781)	(12, 0.099243602811008)	(14, 0.10943618904565205)	(16, 0.11641006383777694)	(18, 0.12177458290864224)	(20, 0.1351858805858055)	(22, 0.14913363017005526)	(24, 0.16039912021887237)	(26, 0.17434686980312214)	(28, 0.18883107129445847)	(30, 0.19419559036532374)	(32, 0.20653398422831393)	(34, 0.21458076283461186)	(36, 0.22209108953382328)	(38, 0.22691915669760204)	(40, 0.2403304543747653)	(42, 0.2505230406094094)	(44, 0.2698353092645245)	(46, 0.28110079931334153)	(48, 0.2929027412692452)	(50, 0.3057775870393219)	(52, 0.3122150099243603)	(54, 0.31543372136687947)	(56, 0.3213346923448313)	(58, 0.33152727857947534)	(60, 0.33850115337160025)	(62, 0.34708438388498475)	(64, 0.36103213346923446)	(66, 0.36961536398261896)	(68, 0.37766214258891695)	(70, 0.3900005364519071)	(72, 0.3975108631511185)	(74, 0.4050211898503299)	(76, 0.4109221608282817)	(78, 0.41467732417788744)	(80, 0.4264792661337911)	(82, 0.43398959283300254)	(84, 0.4366718523684352)	(86, 0.44579153478890615)	(88, 0.4500831500455984)	(90, 0.4538383133952041)	(92, 0.4597392843731559)	(94, 0.4726141301432326)	(96, 0.4801244568424441)	(98, 0.4838796201920498)	(100, 0.49192639879834776)	(102, 0.4989002735904726)	(104, 0.504264792661338)	(106, 0.5123115712676358)	(108, 0.5176760903385011)	(110, 0.5251864170377125)	(112, 0.5337696475510971)	(114, 0.5385977147148758)	(116, 0.543962233785741)	(118, 0.5487903009495199)	(120, 0.5541548200203852)	(122, 0.5557641757416447)	(124, 0.5616651467195966)	(126, 0.5718577329542407)	(128, 0.5750764443967598)	(130, 0.5793680596534521)	(132, 0.5858054825384904)	(134, 0.5906335497022692)	(136, 0.5965345206802211)	(138, 0.6008261359369133)
SRR16013082_2.fastq.gz - illumina_universal_adapter	(1, 0.0)	(2, 0.0)	(3, 0.0)	(4, 0.0)	(5, 0.0)	(6, 0.0)	(7, 0.0)	(8, 0.0)	(9, 0.0)	(10, 0.0)	(12, 0.0)	(14, 0.001)	(16, 0.0025)	(18, 0.003)	(20, 0.003)	(22, 0.003)	(24, 0.003)	(26, 0.003)	(28, 0.003)	(30, 0.004)	(32, 0.0045000000000000005)	(34, 0.006500000000000001)	(36, 0.009)	(38, 0.014499999999999999)	(40, 0.0185)	(42, 0.023)	(44, 0.028499999999999998)	(46, 0.0395)	(48, 0.0465)	(50, 0.062)	(52, 0.0805)	(54, 0.0955)	(56, 0.11449999999999999)	(58, 0.14600000000000002)	(60, 0.19)	(62, 0.2415)	(64, 0.303)	(66, 0.3785)	(68, 0.4585)	(70, 0.5845)	(72, 0.733)	(74, 0.9175)	(76, 1.1280000000000001)	(78, 1.3715000000000002)	(80, 1.6480000000000001)	(82, 2.0035)	(84, 2.4415)	(86, 2.8964999999999996)	(88, 3.409)	(90, 3.9974999999999996)	(92, 4.750500000000001)	(94, 5.632)	(96, 6.605499999999999)	(98, 7.564500000000001)	(100, 8.7355)	(102, 9.940999999999999)	(104, 11.231)	(106, 12.528500000000001)	(108, 13.9215)	(110, 15.3805)	(112, 16.8465)	(114, 18.4375)	(116, 20.0745)	(118, 21.802999999999997)	(120, 23.4055)	(122, 24.9675)	(124, 26.6675)	(126, 28.375999999999998)	(128, 29.9225)	(130, 31.502499999999998)	(132, 32.985)	(134, 34.5535)	(136, 36.066500000000005)	(138, 37.531)
SRR16013082_2.fastq.gz - polya	(1, 0.031)	(2, 0.04)	(3, 0.065)	(4, 0.09)	(5, 0.122)	(6, 0.148)	(7, 0.183)	(8, 0.239)	(9, 0.29)	(10, 0.361)	(12, 0.442)	(14, 0.5315000000000001)	(16, 0.632)	(18, 0.7235)	(20, 0.817)	(22, 0.935)	(24, 1.1025)	(26, 1.3175)	(28, 1.726)	(30, 1.8719999999999999)	(32, 2.0295)	(34, 2.156)	(36, 2.2995)	(38, 2.425)	(40, 2.541)	(42, 2.6719999999999997)	(44, 2.7735)	(46, 2.901)	(48, 3.0055)	(50, 3.12)	(52, 3.21)	(54, 3.2984999999999998)	(56, 3.3825)	(58, 3.4619999999999997)	(60, 3.5324999999999998)	(62, 3.615)	(64, 3.699)	(66, 3.7805)	(68, 3.864)	(70, 3.941)	(72, 4.0125)	(74, 4.085)	(76, 4.1555)	(78, 4.2135)	(80, 4.2835)	(82, 4.344)	(84, 4.391500000000001)	(86, 4.445)	(88, 4.493)	(90, 4.535500000000001)	(92, 4.593500000000001)	(94, 4.669)	(96, 4.7219999999999995)	(98, 4.769)	(100, 4.82)	(102, 4.884)	(104, 4.93)	(106, 4.9704999999999995)	(108, 5.0085)	(110, 5.055)	(112, 5.0969999999999995)	(114, 5.1365)	(116, 5.1765)	(118, 5.2275)	(120, 5.2755)	(122, 5.3115)	(124, 5.351)	(126, 5.390499999999999)	(128, 5.427)	(130, 5.47)	(132, 5.5075)	(134, 5.55)	(136, 5.584)	(138, 5.633)
SRR16013082_2.fastq.gz - polyg	(1, 4.236)	(2, 4.317)	(3, 4.319)	(4, 4.32)	(5, 4.322)	(6, 4.324)	(7, 4.327)	(8, 4.337)	(9, 4.34)	(10, 4.3605)	(12, 4.3855)	(14, 4.3945)	(16, 4.397)	(18, 4.3975)	(20, 4.3985)	(22, 4.399)	(24, 4.3995)	(26, 4.4)	(28, 4.4005)	(30, 4.402)	(32, 4.4025)	(34, 4.403)	(36, 4.403)	(38, 4.403)	(40, 4.404)	(42, 4.405)	(44, 4.405)	(46, 4.4055)	(48, 4.406)	(50, 4.406)	(52, 4.406)	(54, 4.406)	(56, 4.406499999999999)	(58, 4.407)	(60, 4.407)	(62, 4.407)	(64, 4.407)	(66, 4.407)	(68, 4.407)	(70, 4.407500000000001)	(72, 4.408)	(74, 4.4085)	(76, 4.409)	(78, 4.41)	(80, 4.41)	(82, 4.4105)	(84, 4.411)	(86, 4.4115)	(88, 4.412)	(90, 4.413)	(92, 4.4145)	(94, 4.416)	(96, 4.416)	(98, 4.416)	(100, 4.416)	(102, 4.4165)	(104, 4.4175)	(106, 4.42)	(108, 4.4205000000000005)	(110, 4.423500000000001)	(112, 4.426)	(114, 4.4335)	(116, 4.441)	(118, 4.4465)	(120, 4.4545)	(122, 4.46)	(124, 4.4719999999999995)	(126, 4.4905)	(128, 4.513)	(130, 4.528499999999999)	(132, 4.5515)	(134, 4.591)	(136, 4.6370000000000005)	(138, 4.69)
SRR16013082_2.trimmed.fastq.gz - polya	(1, 0.025749691540153424)	(2, 0.0343329220535379)	(3, 0.05149938308030685)	(4, 0.06973874792124886)	(5, 0.09548843946140229)	(6, 0.11801941955903653)	(7, 0.14484201491336302)	(8, 0.19097687892280457)	(9, 0.23282012767555388)	(10, 0.2923662893621587)	(12, 0.36103213346923446)	(14, 0.43238023711174295)	(16, 0.513384475081809)	(18, 0.5858054825384904)	(20, 0.6544713266455662)	(22, 0.7301110455447669)	(24, 0.8036049568156215)	(26, 0.8776353199935626)	(28, 0.9940453838313396)	(30, 1.0428625073762139)	(32, 1.0906067271069149)	(34, 1.1244031972533661)	(36, 1.1683922536344618)	(38, 1.204334531409259)	(40, 1.2300842229494124)	(42, 1.2595890778391716)	(44, 1.2815836060297194)	(46, 1.3110884609194786)	(48, 1.334692344831286)	(50, 1.364197199721045)	(52, 1.3867281798186792)	(54, 1.4033581889383617)	(56, 1.4210611018722172)	(58, 1.4409098224344188)	(60, 1.4559304758328415)	(62, 1.470414677324178)	(64, 1.489726945979293)	(66, 1.5063569550989753)	(68, 1.5213776084973982)	(70, 1.5374711657099942)	(72, 1.5583927900863688)	(74, 1.5691218282280994)	(76, 1.5852153854406952)	(78, 1.5980902312107719)	(80, 1.6056005579099835)	(82, 1.6168660479588004)	(84, 1.6302773456359638)	(86, 1.6474438066627326)	(88, 1.65870929671155)	(90, 1.6683654310391072)	(92, 1.6855318920658764)	(94, 1.706453516442251)	(96, 1.7204012660265007)	(98, 1.7273751408186255)	(100, 1.7359583713320101)	(102, 1.754197736172952)	(104, 1.7654632262217693)	(106, 1.7735100048280672)	(108, 1.7847754948768841)	(110, 1.790676465854836)	(112, 1.7997961482753073)	(114, 1.8062335711603454)	(116, 1.8121345421382973)	(118, 1.8164261573949896)	(120, 1.8185719650233356)	(122, 1.8244729360012875)	(124, 1.8314468107934123)	(126, 1.835201974143018)	(128, 1.8394935893997104)	(130, 1.8437852046564025)	(132, 1.8491497237272678)	(134, 1.8588058580548252)	(136, 1.863633925218604)	(138, 1.870607800010729)
SRR16013082_2.trimmed.fastq.gz - polyg	(1, 0.415213776084974)	(2, 0.4291615256692238)	(3, 0.4302344294833968)	(4, 0.4313073332975699)	(5, 0.4313073332975699)	(6, 0.4313073332975699)	(7, 0.4313073332975699)	(8, 0.43238023711174295)	(9, 0.43238023711174295)	(10, 0.43452604474008905)	(12, 0.4377447561826082)	(14, 0.43935411190386786)	(16, 0.43989056381095437)	(18, 0.43989056381095437)	(20, 0.4404270157180409)	(22, 0.4409634676251274)	(24, 0.4409634676251274)	(26, 0.4409634676251274)	(28, 0.4409634676251274)	(30, 0.4409634676251274)	(32, 0.4409634676251274)	(34, 0.4409634676251274)	(36, 0.4409634676251274)	(38, 0.4409634676251274)	(40, 0.4409634676251274)	(42, 0.44203637143930047)	(44, 0.44203637143930047)	(46, 0.44203637143930047)	(48, 0.44203637143930047)	(50, 0.44203637143930047)	(52, 0.44203637143930047)	(54, 0.44203637143930047)	(56, 0.44203637143930047)	(58, 0.44203637143930047)	(60, 0.44203637143930047)	(62, 0.44203637143930047)	(64, 0.44203637143930047)	(66, 0.44203637143930047)	(68, 0.44203637143930047)	(70, 0.44203637143930047)	(72, 0.44203637143930047)	(74, 0.44203637143930047)	(76, 0.44203637143930047)	(78, 0.44203637143930047)	(80, 0.44203637143930047)	(82, 0.44203637143930047)	(84, 0.44203637143930047)	(86, 0.44257282334638703)	(88, 0.44310927525347354)	(90, 0.44310927525347354)	(92, 0.44310927525347354)	(94, 0.44310927525347354)	(96, 0.44310927525347354)	(98, 0.44310927525347354)	(100, 0.44310927525347354)	(102, 0.44364572716056005)	(104, 0.44418217906764657)	(106, 0.44418217906764657)	(108, 0.44418217906764657)	(110, 0.44418217906764657)	(112, 0.44418217906764657)	(114, 0.4463279866959927)	(116, 0.44740089051016574)	(118, 0.44740089051016574)	(120, 0.44740089051016574)	(122, 0.44793734241725225)	(124, 0.4495466981385119)	(126, 0.4495466981385119)	(128, 0.4495466981385119)	(130, 0.4495466981385119)	(132, 0.4495466981385119)	(134, 0.4495466981385119)	(136, 0.4495466981385119)	(138, 0.4495466981385119)
SRR16013083_1.fastq.gz - illumina_universal_adapter	(1, 0.0)	(2, 0.0)	(3, 0.0)	(4, 0.0)	(5, 0.0)	(6, 0.0)	(7, 0.0)	(8, 0.0)	(9, 0.0)	(10, 0.0)	(12, 0.0)	(14, 0.0005)	(16, 0.001)	(18, 0.001)	(20, 0.001)	(22, 0.0025)	(24, 0.004)	(26, 0.004)	(28, 0.006)	(30, 0.007)	(32, 0.0095)	(34, 0.012)	(36, 0.016)	(38, 0.018000000000000002)	(40, 0.0245)	(42, 0.031)	(44, 0.037000000000000005)	(46, 0.0465)	(48, 0.063)	(50, 0.08099999999999999)	(52, 0.11149999999999999)	(54, 0.134)	(56, 0.16)	(58, 0.191)	(60, 0.241)	(62, 0.3)	(64, 0.369)	(66, 0.45899999999999996)	(68, 0.5685)	(70, 0.6905)	(72, 0.87)	(74, 1.0585)	(76, 1.2765)	(78, 1.5285)	(80, 1.8895)	(82, 2.3135000000000003)	(84, 2.7910000000000004)	(86, 3.3085)	(88, 3.8885)	(90, 4.5280000000000005)	(92, 5.2829999999999995)	(94, 6.268)	(96, 7.317)	(98, 8.442)	(100, 9.657499999999999)	(102, 10.8915)	(104, 12.219999999999999)	(106, 13.6555)	(108, 15.1015)	(110, 16.5745)	(112, 18.1175)	(114, 19.828)	(116, 21.47)	(118, 23.368499999999997)	(120, 25.04)	(122, 26.7045)	(124, 28.4835)	(126, 30.208)	(128, 31.7945)	(130, 33.4535)	(132, 35.042)	(134, 36.621)	(136, 38.165)	(138, 39.681)
SRR16013083_1.fastq.gz - polya	(1, 0.018)	(2, 0.023)	(3, 0.029)	(4, 0.041)	(5, 0.05)	(6, 0.055)	(7, 0.068)	(8, 0.078)	(9, 0.094)	(10, 0.113)	(12, 0.12)	(14, 0.1355)	(16, 0.1495)	(18, 0.161)	(20, 0.173)	(22, 0.1875)	(24, 0.197)	(26, 0.2125)	(28, 0.2225)	(30, 0.2305)	(32, 0.2405)	(34, 0.25)	(36, 0.2625)	(38, 0.2675)	(40, 0.2765)	(42, 0.2885)	(44, 0.303)	(46, 0.3175)	(48, 0.325)	(50, 0.332)	(52, 0.3425)	(54, 0.35)	(56, 0.3595)	(58, 0.3725)	(60, 0.3835)	(62, 0.396)	(64, 0.405)	(66, 0.4135)	(68, 0.422)	(70, 0.4305)	(72, 0.4345)	(74, 0.4405)	(76, 0.446)	(78, 0.453)	(80, 0.457)	(82, 0.464)	(84, 0.47050000000000003)	(86, 0.482)	(88, 0.489)	(90, 0.5035000000000001)	(92, 0.5135000000000001)	(94, 0.5255000000000001)	(96, 0.536)	(98, 0.5415000000000001)	(100, 0.5425)	(102, 0.546)	(104, 0.5515000000000001)	(106, 0.558)	(108, 0.5714999999999999)	(110, 0.58)	(112, 0.5854999999999999)	(114, 0.587)	(116, 0.595)	(118, 0.5985)	(120, 0.606)	(122, 0.6134999999999999)	(124, 0.618)	(126, 0.6245)	(128, 0.628)	(130, 0.6315)	(132, 0.6365000000000001)	(134, 0.641)	(136, 0.6435)	(138, 0.646)
SRR16013083_1.fastq.gz - polyg	(1, 0.0)	(2, 0.0)	(3, 0.0)	(4, 0.0)	(5, 0.0)	(6, 0.0)	(7, 0.0)	(8, 0.0)	(9, 0.0)	(10, 0.0)	(12, 0.0)	(14, 0.0)	(16, 0.0)	(18, 0.0)	(20, 0.0)	(22, 0.0)	(24, 0.001)	(26, 0.001)	(28, 0.001)	(30, 0.0015)	(32, 0.002)	(34, 0.002)	(36, 0.002)	(38, 0.002)	(40, 0.002)	(42, 0.002)	(44, 0.0025)	(46, 0.003)	(48, 0.003)	(50, 0.003)	(52, 0.003)	(54, 0.004)	(56, 0.004)	(58, 0.004)	(60, 0.004)	(62, 0.004)	(64, 0.004)	(66, 0.004)	(68, 0.004)	(70, 0.0075)	(72, 0.008)	(74, 0.0085)	(76, 0.009)	(78, 0.01)	(80, 0.01)	(82, 0.01)	(84, 0.01)	(86, 0.010499999999999999)	(88, 0.011)	(90, 0.011)	(92, 0.0125)	(94, 0.015)	(96, 0.015)	(98, 0.017)	(100, 0.019)	(102, 0.0195)	(104, 0.023)	(106, 0.0285)	(108, 0.031)	(110, 0.037500000000000006)	(112, 0.0455)	(114, 0.052500000000000005)	(116, 0.0645)	(118, 0.08249999999999999)	(120, 0.0995)	(122, 0.131)	(124, 0.1565)	(126, 0.184)	(128, 0.219)	(130, 0.264)	(132, 0.32799999999999996)	(134, 0.405)	(136, 0.5055000000000001)	(138, 0.6165)
SRR16013083_1.trimmed.fastq.gz - polya	(1, 0.018461805781803176)	(2, 0.021719771508003735)	(3, 0.024977737234204295)	(4, 0.03692361156360635)	(5, 0.04343954301600747)	(6, 0.04886948589300841)	(7, 0.0575573944962099)	(8, 0.06733129167481158)	(9, 0.081449143155014)	(10, 0.0993679546491171)	(12, 0.10479789752611803)	(14, 0.11782976043092026)	(16, 0.1303186290480224)	(18, 0.139549531938924)	(20, 0.15095241198062598)	(22, 0.16398427488542822)	(24, 0.1726721834886297)	(26, 0.18787602354423233)	(28, 0.1971069264351339)	(30, 0.2057948350383354)	(32, 0.21611172650463717)	(34, 0.22534262939553876)	(36, 0.2367455094372407)	(38, 0.2405464694511414)	(40, 0.24923437805434284)	(42, 0.26009426380834477)	(44, 0.27421211528854716)	(46, 0.28941595534414977)	(48, 0.2943029039334506)	(50, 0.30027584109815164)	(52, 0.3111357268521535)	(54, 0.3192806411676549)	(56, 0.32796854977085643)	(58, 0.3382854412371582)	(60, 0.3502313155665603)	(62, 0.36326317847136247)	(64, 0.3719510870745639)	(66, 0.3806389956777655)	(68, 0.38986989856866705)	(70, 0.3969288243087683)	(72, 0.4007297843226689)	(74, 0.40615972719966986)	(76, 0.4110466757889707)	(78, 0.41756260724137184)	(80, 0.42136356725527246)	(82, 0.4278794987076736)	(84, 0.43439543016007476)	(86, 0.44471232162637647)	(88, 0.45014226450337746)	(90, 0.4615451445450794)	(92, 0.47077604743598095)	(94, 0.48272192176538303)	(96, 0.49032384179318433)	(98, 0.49466779609478506)	(100, 0.49521079038248517)	(102, 0.4968397732455855)	(104, 0.5022697161225864)	(106, 0.5076996589995872)	(108, 0.5185595447535891)	(110, 0.5272474533567907)	(112, 0.5326773962337916)	(114, 0.5332203905214917)	(116, 0.5408223105492931)	(118, 0.5435372819877935)	(120, 0.5500532134401946)	(122, 0.5549401620294955)	(124, 0.558198127755696)	(126, 0.5647140592080971)	(128, 0.5674290306465976)	(130, 0.5706869963727981)	(132, 0.5755739449620989)	(134, 0.5799178992636997)	(136, 0.5826328707022002)	(138, 0.5853478421407007)
SRR16013083_2.fastq.gz - illumina_universal_adapter	(1, 0.0)	(2, 0.0)	(3, 0.0)	(4, 0.0)	(5, 0.0)	(6, 0.0)	(7, 0.0)	(8, 0.0)	(9, 0.0)	(10, 0.0)	(12, 0.0)	(14, 0.0005)	(16, 0.001)	(18, 0.001)	(20, 0.001)	(22, 0.0025)	(24, 0.004)	(26, 0.004)	(28, 0.006)	(30, 0.007)	(32, 0.0095)	(34, 0.012)	(36, 0.016)	(38, 0.018000000000000002)	(40, 0.0245)	(42, 0.032)	(44, 0.038000000000000006)	(46, 0.0475)	(48, 0.0645)	(50, 0.08199999999999999)	(52, 0.11099999999999999)	(54, 0.133)	(56, 0.158)	(58, 0.1875)	(60, 0.2355)	(62, 0.29300000000000004)	(64, 0.362)	(66, 0.45399999999999996)	(68, 0.5655)	(70, 0.683)	(72, 0.8574999999999999)	(74, 1.0375)	(76, 1.2565)	(78, 1.5055)	(80, 1.8595)	(82, 2.2805)	(84, 2.75)	(86, 3.2595)	(88, 3.8339999999999996)	(90, 4.4725)	(92, 5.23)	(94, 6.21)	(96, 7.2524999999999995)	(98, 8.366)	(100, 9.5745)	(102, 10.793500000000002)	(104, 12.122499999999999)	(106, 13.542)	(108, 14.98)	(110, 16.439500000000002)	(112, 17.976)	(114, 19.686500000000002)	(116, 21.322499999999998)	(118, 23.183999999999997)	(120, 24.8285)	(122, 26.476)	(124, 28.2265)	(126, 29.932499999999997)	(128, 31.509999999999998)	(130, 33.1485)	(132, 34.7225)	(134, 36.2875)	(136, 37.812)	(138, 39.324)
SRR16013083_2.fastq.gz - polya	(1, 0.018)	(2, 0.029)	(3, 0.048)	(4, 0.086)	(5, 0.118)	(6, 0.161)	(7, 0.211)	(8, 0.262)	(9, 0.316)	(10, 0.3835)	(12, 0.48950000000000005)	(14, 0.597)	(16, 0.7075)	(18, 0.8005)	(20, 0.8925000000000001)	(22, 0.9864999999999999)	(24, 1.056)	(26, 1.123)	(28, 1.194)	(30, 1.2469999999999999)	(32, 1.3105)	(34, 1.374)	(36, 1.434)	(38, 1.496)	(40, 1.5655000000000001)	(42, 1.616)	(44, 1.678)	(46, 1.7385000000000002)	(48, 1.7875)	(50, 1.8365)	(52, 1.8795000000000002)	(54, 1.9175)	(56, 1.9595)	(58, 1.9935)	(60, 2.0265)	(62, 2.0635000000000003)	(64, 2.099)	(66, 2.1425)	(68, 2.176)	(70, 2.2115)	(72, 2.252)	(74, 2.2855)	(76, 2.3064999999999998)	(78, 2.33)	(80, 2.357)	(82, 2.379)	(84, 2.412)	(86, 2.4405)	(88, 2.4555)	(90, 2.4905)	(92, 2.5265)	(94, 2.5469999999999997)	(96, 2.5725)	(98, 2.605)	(100, 2.6254999999999997)	(102, 2.647)	(104, 2.6625)	(106, 2.6755)	(108, 2.6925)	(110, 2.7105)	(112, 2.731)	(114, 2.748)	(116, 2.7625)	(118, 2.7815000000000003)	(120, 2.799)	(122, 2.807)	(124, 2.8255)	(126, 2.8390000000000004)	(128, 2.85)	(130, 2.857)	(132, 2.8680000000000003)	(134, 2.878)	(136, 2.893)	(138, 2.9055)
SRR16013083_2.fastq.gz - polyg	(1, 4.442)	(2, 4.542)	(3, 4.545)	(4, 4.545)	(5, 4.548)	(6, 4.549)	(7, 4.55)	(8, 4.55)	(9, 4.551)	(10, 4.5555)	(12, 4.568)	(14, 4.5725)	(16, 4.573)	(18, 4.573)	(20, 4.574)	(22, 4.5745000000000005)	(24, 4.577)	(26, 4.577)	(28, 4.577500000000001)	(30, 4.58)	(32, 4.5835)	(34, 4.584)	(36, 4.584)	(38, 4.586)	(40, 4.5865)	(42, 4.587)	(44, 4.5875)	(46, 4.5895)	(48, 4.5905000000000005)	(50, 4.5915)	(52, 4.592)	(54, 4.592)	(56, 4.592)	(58, 4.592)	(60, 4.592)	(62, 4.592)	(64, 4.592499999999999)	(66, 4.594)	(68, 4.5945)	(70, 4.5985)	(72, 4.6025)	(74, 4.6055)	(76, 4.607)	(78, 4.608)	(80, 4.6095)	(82, 4.6135)	(84, 4.6165)	(86, 4.6205)	(88, 4.622999999999999)	(90, 4.625)	(92, 4.628)	(94, 4.6315)	(96, 4.6370000000000005)	(98, 4.6419999999999995)	(100, 4.650499999999999)	(102, 4.659)	(104, 4.664)	(106, 4.6735)	(108, 4.6865000000000006)	(110, 4.698)	(112, 4.7125)	(114, 4.734)	(116, 4.759)	(118, 4.779)	(120, 4.8035)	(122, 4.8415)	(124, 4.8825)	(126, 4.931)	(128, 4.9879999999999995)	(130, 5.0600000000000005)	(132, 5.1335)	(134, 5.230499999999999)	(136, 5.342499999999999)	(138, 5.496)
SRR16013083_2.trimmed.fastq.gz - polya	(1, 0.0162898286310028)	(2, 0.02714971438500467)	(3, 0.03909558871440672)	(4, 0.06950326882561196)	(5, 0.08579309745661476)	(6, 0.11402880041701961)	(7, 0.1552963662822267)	(8, 0.1889620121196325)	(9, 0.2215416693816381)	(10, 0.26932516669924633)	(12, 0.33176950978475706)	(14, 0.3925848700071675)	(16, 0.46045915596967923)	(18, 0.5142155904519884)	(20, 0.5690580135096979)	(22, 0.6249864251428074)	(24, 0.6575660824048131)	(26, 0.6874307682283183)	(28, 0.7118655111748224)	(30, 0.7314133055320258)	(32, 0.7553050541908299)	(34, 0.7786538085619339)	(36, 0.7987445972068374)	(38, 0.8166634087009405)	(40, 0.8405551573597445)	(42, 0.8568449859907474)	(44, 0.8731348146217501)	(46, 0.8905106318281532)	(48, 0.9100584261853565)	(50, 0.9247192719532591)	(52, 0.935579157707261)	(54, 0.9448100605981625)	(56, 0.9567559349275645)	(58, 0.9665298321061662)	(60, 0.9757607349970678)	(62, 0.9833626550248691)	(64, 0.9904215807649703)	(66, 0.9991094893681719)	(68, 1.012141352272974)	(70, 1.0246302208900762)	(72, 1.0316891466301774)	(74, 1.041463043808779)	(76, 1.0490649638365803)	(78, 1.0555808952889816)	(80, 1.0631828153167828)	(82, 1.0718707239199845)	(84, 1.0800156382354857)	(86, 1.086531569687887)	(88, 1.0897895354140874)	(90, 1.099020438304989)	(92, 1.1109663126343912)	(94, 1.1174822440867922)	(96, 1.127256141265394)	(98, 1.1397450098824962)	(100, 1.146260941334897)	(102, 1.1516908842118982)	(104, 1.1533198670749985)	(106, 1.1554918442257986)	(108, 1.1609217871027997)	(110, 1.1668947242675007)	(112, 1.1723246671445016)	(114, 1.175039638583002)	(116, 1.180469581460003)	(118, 1.1902434786386047)	(120, 1.1967594100910057)	(122, 1.2005603701049066)	(124, 1.2081622901327078)	(126, 1.2125062444343087)	(128, 1.214678221585109)	(130, 1.2184791815990095)	(132, 1.2228231359006103)	(134, 1.2249951130514107)	(136, 1.2287960730653114)	(138, 1.2315110445038118)
SRR16013083_2.trimmed.fastq.gz - polyg	(1, 0.20199387502443475)	(2, 0.20850980647683587)	(3, 0.20850980647683587)	(4, 0.20850980647683587)	(5, 0.20850980647683587)	(6, 0.20850980647683587)	(7, 0.20850980647683587)	(8, 0.20850980647683587)	(9, 0.20850980647683587)	(10, 0.20850980647683587)	(12, 0.20850980647683587)	(14, 0.20850980647683587)	(16, 0.20850980647683587)	(18, 0.20850980647683587)	(20, 0.20850980647683587)	(22, 0.20850980647683587)	(24, 0.20850980647683587)	(26, 0.20850980647683587)	(28, 0.20850980647683587)	(30, 0.20850980647683587)	(32, 0.20850980647683587)	(34, 0.20850980647683587)	(36, 0.20850980647683587)	(38, 0.20850980647683587)	(40, 0.20850980647683587)	(42, 0.20850980647683587)	(44, 0.20850980647683587)	(46, 0.20850980647683587)	(48, 0.20850980647683587)	(50, 0.20850980647683587)	(52, 0.20850980647683587)	(54, 0.20850980647683587)	(56, 0.20850980647683587)	(58, 0.20850980647683587)	(60, 0.20850980647683587)	(62, 0.20850980647683587)	(64, 0.20850980647683587)	(66, 0.20850980647683587)	(68, 0.20850980647683587)	(70, 0.20850980647683587)	(72, 0.20850980647683587)	(74, 0.20850980647683587)	(76, 0.20850980647683587)	(78, 0.20850980647683587)	(80, 0.20850980647683587)	(82, 0.20850980647683587)	(84, 0.20850980647683587)	(86, 0.20850980647683587)	(88, 0.20850980647683587)	(90, 0.20850980647683587)	(92, 0.20850980647683587)	(94, 0.20959579505223605)	(96, 0.20959579505223605)	(98, 0.20959579505223605)	(100, 0.21122477791533634)	(102, 0.21176777220303641)	(104, 0.21231076649073652)	(106, 0.21285376077843662)	(108, 0.2144827436415369)	(110, 0.21556873221693706)	(112, 0.21665472079233727)	(114, 0.21882669794313764)	(116, 0.21991268651853785)	(118, 0.2215416693816381)	(120, 0.22317065224473837)	(122, 0.22425664082013858)	(124, 0.22479963510783865)	(126, 0.22697161225863904)	(128, 0.22805760083403923)	(130, 0.2286005951217393)	(132, 0.2291435894094394)	(134, 0.2296865836971395)	(136, 0.2307725722725397)	(138, 0.2313155665602398)
SRR16013084_1.fastq.gz - illumina_universal_adapter	(1, 0.0)	(2, 0.0)	(3, 0.0)	(4, 0.0)	(5, 0.0)	(6, 0.0)	(7, 0.0)	(8, 0.0)	(9, 0.0)	(10, 0.0)	(12, 0.0005)	(14, 0.001)	(16, 0.001)	(18, 0.001)	(20, 0.001)	(22, 0.0015)	(24, 0.002)	(26, 0.0025)	(28, 0.004)	(30, 0.004)	(32, 0.004)	(34, 0.006)	(36, 0.009)	(38, 0.0155)	(40, 0.0215)	(42, 0.0305)	(44, 0.035500000000000004)	(46, 0.0455)	(48, 0.0545)	(50, 0.07100000000000001)	(52, 0.0905)	(54, 0.11699999999999999)	(56, 0.14100000000000001)	(58, 0.16949999999999998)	(60, 0.20950000000000002)	(62, 0.258)	(64, 0.3185)	(66, 0.396)	(68, 0.5165)	(70, 0.648)	(72, 0.8025)	(74, 0.982)	(76, 1.206)	(78, 1.4815)	(80, 1.8205)	(82, 2.1870000000000003)	(84, 2.6115000000000004)	(86, 3.0685000000000002)	(88, 3.6464999999999996)	(90, 4.2975)	(92, 5.086)	(94, 6.0015)	(96, 7.019500000000001)	(98, 8.121)	(100, 9.282499999999999)	(102, 10.492)	(104, 11.7935)	(106, 13.167)	(108, 14.556999999999999)	(110, 16.0075)	(112, 17.536)	(114, 19.1535)	(116, 20.726)	(118, 22.422)	(120, 24.049)	(122, 25.726999999999997)	(124, 27.4575)	(126, 29.1715)	(128, 30.807000000000002)	(130, 32.394999999999996)	(132, 33.8925)	(134, 35.436)	(136, 36.9245)	(138, 38.439)
SRR16013084_1.fastq.gz - polya	(1, 0.018)	(2, 0.026)	(3, 0.034)	(4, 0.052)	(5, 0.061)	(6, 0.063)	(7, 0.07)	(8, 0.086)	(9, 0.104)	(10, 0.119)	(12, 0.1285)	(14, 0.14300000000000002)	(16, 0.152)	(18, 0.1645)	(20, 0.175)	(22, 0.185)	(24, 0.1965)	(26, 0.203)	(28, 0.2105)	(30, 0.2225)	(32, 0.23249999999999998)	(34, 0.2445)	(36, 0.2565)	(38, 0.2665)	(40, 0.2775)	(42, 0.2895)	(44, 0.298)	(46, 0.3045)	(48, 0.3155)	(50, 0.3275)	(52, 0.336)	(54, 0.34550000000000003)	(56, 0.351)	(58, 0.3575)	(60, 0.3645)	(62, 0.374)	(64, 0.3785)	(66, 0.3845)	(68, 0.3935)	(70, 0.4015)	(72, 0.4105)	(74, 0.42)	(76, 0.4295)	(78, 0.4365)	(80, 0.4415)	(82, 0.4455)	(84, 0.4535)	(86, 0.461)	(88, 0.47)	(90, 0.485)	(92, 0.4965)	(94, 0.503)	(96, 0.5095000000000001)	(98, 0.5185)	(100, 0.5235000000000001)	(102, 0.526)	(104, 0.5345)	(106, 0.5395000000000001)	(108, 0.548)	(110, 0.556)	(112, 0.56)	(114, 0.562)	(116, 0.5705)	(118, 0.5774999999999999)	(120, 0.5845)	(122, 0.587)	(124, 0.5925)	(126, 0.6074999999999999)	(128, 0.6114999999999999)	(130, 0.618)	(132, 0.6205)	(134, 0.6234999999999999)	(136, 0.6295)	(138, 0.634)
SRR16013084_1.fastq.gz - polyg	(1, 0.0)	(2, 0.0)	(3, 0.0)	(4, 0.0)	(5, 0.0)	(6, 0.0)	(7, 0.0)	(8, 0.0)	(9, 0.0)	(10, 0.0)	(12, 0.0)	(14, 0.0)	(16, 0.0)	(18, 0.0)	(20, 0.0)	(22, 0.0)	(24, 0.0)	(26, 0.0)	(28, 0.0)	(30, 0.0)	(32, 0.0)	(34, 0.0)	(36, 0.0)	(38, 0.0)	(40, 0.0)	(42, 0.0)	(44, 0.0)	(46, 0.0)	(48, 0.0)	(50, 0.0015)	(52, 0.003)	(54, 0.0035)	(56, 0.004)	(58, 0.004)	(60, 0.004)	(62, 0.004)	(64, 0.004)	(66, 0.005)	(68, 0.007)	(70, 0.007)	(72, 0.007)	(74, 0.008)	(76, 0.0085)	(78, 0.009)	(80, 0.01)	(82, 0.01)	(84, 0.01)	(86, 0.01)	(88, 0.01)	(90, 0.01)	(92, 0.011)	(94, 0.012)	(96, 0.0125)	(98, 0.0135)	(100, 0.014499999999999999)	(102, 0.0155)	(104, 0.0165)	(106, 0.021)	(108, 0.024)	(110, 0.031)	(112, 0.04)	(114, 0.047)	(116, 0.056999999999999995)	(118, 0.065)	(120, 0.0755)	(122, 0.098)	(124, 0.1255)	(126, 0.1595)	(128, 0.189)	(130, 0.22899999999999998)	(132, 0.27949999999999997)	(134, 0.344)	(136, 0.43)	(138, 0.546)
SRR16013084_1.trimmed.fastq.gz - polya	(1, 0.018458798875099082)	(2, 0.02605948076484576)	(3, 0.0325743509560572)	(4, 0.04451827963994484)	(5, 0.05211896152969152)	(6, 0.05211896152969152)	(7, 0.0597196434194382)	(8, 0.07274938380186108)	(9, 0.09120818267696017)	(10, 0.10369501721011543)	(12, 0.1112956990998621)	(14, 0.12323962778374975)	(16, 0.1302974038242288)	(18, 0.14278423835738407)	(20, 0.1520136377949336)	(22, 0.16124303723248315)	(24, 0.17210115421783553)	(26, 0.17915893025831459)	(28, 0.1873025179973289)	(30, 0.1987035408319489)	(32, 0.2090187519680337)	(34, 0.2198768689533861)	(36, 0.23290660933580898)	(38, 0.24267891462262614)	(40, 0.2535370316079785)	(42, 0.26493805444259855)	(44, 0.2736245480308805)	(46, 0.27851070067428907)	(48, 0.287197194262571)	(50, 0.2980553112479234)	(52, 0.30457018143913483)	(54, 0.31379958087668436)	(56, 0.31814282767082536)	(58, 0.32248607446496624)	(60, 0.3273722271083749)	(62, 0.33714453239519204)	(64, 0.341487779189333)	(66, 0.34745974353127684)	(68, 0.35614623711955873)	(70, 0.3632040131600378)	(72, 0.3718905067483197)	(74, 0.380034094487334)	(76, 0.3892634939248836)	(78, 0.3952354582668274)	(80, 0.4001216109102359)	(82, 0.4044648577043769)	(84, 0.411522633744856)	(86, 0.41858040978533506)	(88, 0.4267239975243493)	(90, 0.44029664375603983)	(92, 0.45224057243992744)	(94, 0.45712672508333607)	(96, 0.46255578357601224)	(98, 0.4696135596164913)	(100, 0.4739568064106323)	(102, 0.47612842980770276)	(104, 0.4826432999989142)	(106, 0.4859007350945199)	(108, 0.4913297935871961)	(110, 0.4994733813262104)	(112, 0.502730816421816)	(114, 0.5049024398188866)	(116, 0.511417310010098)	(118, 0.5179321802013095)	(120, 0.5249899562417886)	(122, 0.5277044854881267)	(124, 0.5336764498300706)	(126, 0.5488778136095638)	(128, 0.5526781545544373)	(130, 0.5581072130471134)	(132, 0.5602788364441839)	(134, 0.5629933656905219)	(136, 0.5673366124846629)	(138, 0.5711369534295363)
SRR16013084_2.fastq.gz - illumina_universal_adapter	(1, 0.0)	(2, 0.0)	(3, 0.0)	(4, 0.0)	(5, 0.0)	(6, 0.0)	(7, 0.0)	(8, 0.0)	(9, 0.0)	(10, 0.0)	(12, 0.0005)	(14, 0.001)	(16, 0.001)	(18, 0.001)	(20, 0.001)	(22, 0.0015)	(24, 0.002)	(26, 0.0025)	(28, 0.004)	(30, 0.004)	(32, 0.004)	(34, 0.006)	(36, 0.009)	(38, 0.0145)	(40, 0.020499999999999997)	(42, 0.0295)	(44, 0.0345)	(46, 0.045)	(48, 0.0545)	(50, 0.07150000000000001)	(52, 0.0935)	(54, 0.1215)	(56, 0.14550000000000002)	(58, 0.1765)	(60, 0.2185)	(62, 0.26849999999999996)	(64, 0.32999999999999996)	(66, 0.406)	(68, 0.531)	(70, 0.667)	(72, 0.8225)	(74, 1.0034999999999998)	(76, 1.2315)	(78, 1.509)	(80, 1.845)	(82, 2.2089999999999996)	(84, 2.635)	(86, 3.0925000000000002)	(88, 3.6784999999999997)	(90, 4.336)	(92, 5.1245)	(94, 6.0375)	(96, 7.082)	(98, 8.186)	(100, 9.347999999999999)	(102, 10.5735)	(104, 11.878)	(106, 13.2595)	(108, 14.6485)	(110, 16.112000000000002)	(112, 17.646)	(114, 19.259999999999998)	(116, 20.8155)	(118, 22.494999999999997)	(120, 24.119500000000002)	(122, 25.7925)	(124, 27.499000000000002)	(126, 29.2095)	(128, 30.8355)	(130, 32.427)	(132, 33.929500000000004)	(134, 35.4745)	(136, 36.979)	(138, 38.501000000000005)
SRR16013084_2.fastq.gz - polya	(1, 0.026)	(2, 0.038)	(3, 0.075)	(4, 0.101)	(5, 0.14)	(6, 0.19)	(7, 0.247)	(8, 0.301)	(9, 0.374)	(10, 0.445)	(12, 0.5605)	(14, 0.6725)	(16, 0.7805)	(18, 0.885)	(20, 0.972)	(22, 1.057)	(24, 1.12)	(26, 1.198)	(28, 1.271)	(30, 1.3490000000000002)	(32, 1.4144999999999999)	(34, 1.4834999999999998)	(36, 1.5550000000000002)	(38, 1.597)	(40, 1.659)	(42, 1.7165)	(44, 1.7625)	(46, 1.8119999999999998)	(48, 1.8595000000000002)	(50, 1.9095)	(52, 1.964)	(54, 2.0135)	(56, 2.0515)	(58, 2.0955)	(60, 2.1455)	(62, 2.1915)	(64, 2.232)	(66, 2.2809999999999997)	(68, 2.3405)	(70, 2.3815)	(72, 2.4225)	(74, 2.464)	(76, 2.504)	(78, 2.536)	(80, 2.5675)	(82, 2.6265)	(84, 2.6740000000000004)	(86, 2.7225)	(88, 2.7535)	(90, 2.7975)	(92, 2.8360000000000003)	(94, 2.8775000000000004)	(96, 2.9185)	(98, 2.9505)	(100, 2.9764999999999997)	(102, 3.0055)	(104, 3.041)	(106, 3.074)	(108, 3.1105)	(110, 3.1395)	(112, 3.1665)	(114, 3.197)	(116, 3.2300000000000004)	(118, 3.2545)	(120, 3.2809999999999997)	(122, 3.2995)	(124, 3.3235)	(126, 3.349)	(128, 3.3635)	(130, 3.3795)	(132, 3.4065000000000003)	(134, 3.425)	(136, 3.4425)	(138, 3.4545000000000003)
SRR16013084_2.fastq.gz - polyg	(1, 4.408)	(2, 4.493)	(3, 4.493)	(4, 4.494)	(5, 4.497)	(6, 4.499)	(7, 4.501)	(8, 4.503)	(9, 4.512)	(10, 4.52)	(12, 4.531000000000001)	(14, 4.5365)	(16, 4.538)	(18, 4.544)	(20, 4.545)	(22, 4.547)	(24, 4.548)	(26, 4.549)	(28, 4.549)	(30, 4.550000000000001)	(32, 4.5525)	(34, 4.5545)	(36, 4.556)	(38, 4.558)	(40, 4.558)	(42, 4.558)	(44, 4.558)	(46, 4.558)	(48, 4.558)	(50, 4.558)	(52, 4.5595)	(54, 4.56)	(56, 4.561)	(58, 4.563000000000001)	(60, 4.564)	(62, 4.565)	(64, 4.565)	(66, 4.5665)	(68, 4.567)	(70, 4.567)	(72, 4.5685)	(74, 4.5695)	(76, 4.57)	(78, 4.5715)	(80, 4.574)	(82, 4.576)	(84, 4.576499999999999)	(86, 4.577500000000001)	(88, 4.581)	(90, 4.5835)	(92, 4.584)	(94, 4.585)	(96, 4.586)	(98, 4.5885)	(100, 4.59)	(102, 4.592499999999999)	(104, 4.5975)	(106, 4.599)	(108, 4.6035)	(110, 4.612)	(112, 4.618)	(114, 4.6255)	(116, 4.6434999999999995)	(118, 4.656499999999999)	(120, 4.6765)	(122, 4.7035)	(124, 4.743499999999999)	(126, 4.781499999999999)	(128, 4.83)	(130, 4.890000000000001)	(132, 4.9665)	(134, 5.074)	(136, 5.197)	(138, 5.3555)
SRR16013084_2.trimmed.fastq.gz - polya	(1, 0.02497366906631052)	(2, 0.0380034094487334)	(3, 0.06297707851504392)	(4, 0.07817844229453728)	(5, 0.10206629966231257)	(6, 0.14006970911104596)	(7, 0.17155824836856792)	(8, 0.20956165781730132)	(9, 0.2605948076484576)	(10, 0.31271376917814914)	(12, 0.40012161091023596)	(14, 0.4826432999989142)	(16, 0.5575643071978458)	(18, 0.6113119862753401)	(20, 0.6656025712021021)	(22, 0.7182644385810613)	(24, 0.7551820363312595)	(26, 0.7866705755887814)	(28, 0.8268456084345852)	(30, 0.8605057710891777)	(32, 0.8833078167584179)	(34, 0.9164250735637426)	(36, 0.9522568596154055)	(38, 0.9696298467919693)	(40, 0.9870028339685332)	(42, 1.0005754802002236)	(44, 1.0103477854870409)	(46, 1.026092055115802)	(48, 1.04020760719676)	(50, 1.053237347579183)	(52, 1.0678958055094085)	(54, 1.0820113575903667)	(56, 1.0923265687264514)	(58, 1.102641779862536)	(60, 1.1167573319434942)	(62, 1.1249009196825086)	(64, 1.1325016015722553)	(66, 1.1455313419546782)	(68, 1.1580181764878335)	(70, 1.1694191993224536)	(72, 1.1791915046092707)	(74, 1.1927641508409612)	(76, 1.2052509853741165)	(78, 1.2139374789623982)	(80, 1.2177378199072717)	(82, 1.2307675602896944)	(84, 1.2448831123706527)	(86, 1.2595415703008785)	(88, 1.2676851580398927)	(90, 1.284515239367189)	(92, 1.294287544654006)	(94, 1.3051456616393584)	(96, 1.3176324961725139)	(98, 1.3268618956100633)	(100, 1.331748048253472)	(102, 1.3409774476910215)	(104, 1.34586360033443)	(106, 1.3523784705256414)	(108, 1.358893340716853)	(110, 1.3648653050587967)	(112, 1.3675798343051349)	(114, 1.3708372694007407)	(116, 1.3778950454412198)	(118, 1.3822382922353604)	(120, 1.384409915632431)	(122, 1.3882102565773042)	(124, 1.3920105975221777)	(126, 1.394725126768516)	(128, 1.395810938467051)	(130, 1.401782902808995)	(132, 1.4104693963972768)	(134, 1.4164413607392206)	(136, 1.421327513382629)	(138, 1.4240420426289673)
SRR16013084_2.trimmed.fastq.gz - polyg	(1, 0.2117332812143718)	(2, 0.217162339707048)	(3, 0.217162339707048)	(4, 0.217162339707048)	(5, 0.217162339707048)	(6, 0.217162339707048)	(7, 0.217162339707048)	(8, 0.217162339707048)	(9, 0.21824815140558324)	(10, 0.21879105725485087)	(12, 0.21933396310411848)	(14, 0.21933396310411848)	(16, 0.2198768689533861)	(18, 0.22041977480265373)	(20, 0.22041977480265373)	(22, 0.22041977480265373)	(24, 0.22041977480265373)	(26, 0.22041977480265373)	(28, 0.22041977480265373)	(30, 0.22041977480265373)	(32, 0.22041977480265373)	(34, 0.22041977480265373)	(36, 0.22041977480265373)	(38, 0.22041977480265373)	(40, 0.22041977480265373)	(42, 0.22041977480265373)	(44, 0.22041977480265373)	(46, 0.22041977480265373)	(48, 0.22041977480265373)	(50, 0.22041977480265373)	(52, 0.22041977480265373)	(54, 0.22041977480265373)	(56, 0.22041977480265373)	(58, 0.22096268065192134)	(60, 0.22150558650118896)	(62, 0.22150558650118896)	(64, 0.22150558650118896)	(66, 0.22150558650118896)	(68, 0.22150558650118896)	(70, 0.22150558650118896)	(72, 0.22150558650118896)	(74, 0.22150558650118896)	(76, 0.22150558650118896)	(78, 0.22150558650118896)	(80, 0.22150558650118896)	(82, 0.2225913981997242)	(84, 0.2225913981997242)	(86, 0.2225913981997242)	(88, 0.22367720989825945)	(90, 0.22367720989825945)	(92, 0.22367720989825945)	(94, 0.22367720989825945)	(96, 0.22367720989825945)	(98, 0.22367720989825945)	(100, 0.22367720989825945)	(102, 0.22422011574752707)	(104, 0.22476302159679468)	(106, 0.22584883329532993)	(108, 0.22639173914459754)	(110, 0.22693464499386518)	(112, 0.22693464499386518)	(114, 0.22693464499386518)	(116, 0.2280204566924004)	(118, 0.22856336254166804)	(120, 0.22964917424020326)	(122, 0.2307349859387385)	(124, 0.23236370348654137)	(126, 0.23290660933580898)	(128, 0.23399242103434423)	(130, 0.23507823273287948)	(132, 0.23779276197921756)	(134, 0.23942147952702042)	(136, 0.23996438537628803)	(138, 0.23996438537628803)
SRR16013090_1.fastq.gz - illumina_universal_adapter	(1, 0.0)	(2, 0.0)	(3, 0.0)	(4, 0.0)	(5, 0.0)	(6, 0.001)	(7, 0.001)	(8, 0.001)	(9, 0.001)	(10, 0.001)	(12, 0.001)	(14, 0.0015)	(16, 0.002)	(18, 0.002)	(20, 0.002)	(22, 0.004)	(24, 0.004)	(26, 0.004)	(28, 0.005)	(30, 0.005)	(32, 0.006)	(34, 0.006)	(36, 0.007)	(38, 0.0115)	(40, 0.013)	(42, 0.016)	(44, 0.028499999999999998)	(46, 0.037000000000000005)	(48, 0.0505)	(50, 0.068)	(52, 0.08349999999999999)	(54, 0.11549999999999999)	(56, 0.15400000000000003)	(58, 0.197)	(60, 0.25)	(62, 0.32499999999999996)	(64, 0.4105)	(66, 0.5115000000000001)	(68, 0.6455)	(70, 0.7949999999999999)	(72, 1.006)	(74, 1.209)	(76, 1.475)	(78, 1.774)	(80, 2.1525)	(82, 2.5985)	(84, 3.0995)	(86, 3.691)	(88, 4.3885)	(90, 5.125)	(92, 5.9775)	(94, 6.9965)	(96, 8.1525)	(98, 9.432500000000001)	(100, 10.7695)	(102, 12.150500000000001)	(104, 13.6785)	(106, 15.197500000000002)	(108, 16.694)	(110, 18.139499999999998)	(112, 19.6375)	(114, 21.4405)	(116, 23.1265)	(118, 24.909)	(120, 26.601999999999997)	(122, 28.252499999999998)	(124, 30.024)	(126, 31.735999999999997)	(128, 33.335)	(130, 34.8725)	(132, 36.3335)	(134, 37.7215)	(136, 39.126000000000005)	(138, 40.5205)
SRR16013090_1.fastq.gz - polya	(1, 0.031)	(2, 0.038)	(3, 0.052)	(4, 0.061)	(5, 0.068)	(6, 0.07)	(7, 0.075)	(8, 0.086)	(9, 0.095)	(10, 0.1075)	(12, 0.11649999999999999)	(14, 0.1285)	(16, 0.138)	(18, 0.1465)	(20, 0.161)	(22, 0.1685)	(24, 0.1785)	(26, 0.191)	(28, 0.20400000000000001)	(30, 0.2105)	(32, 0.2185)	(34, 0.23399999999999999)	(36, 0.2395)	(38, 0.246)	(40, 0.255)	(42, 0.269)	(44, 0.2755)	(46, 0.2805)	(48, 0.284)	(50, 0.2895)	(52, 0.296)	(54, 0.3065)	(56, 0.3145)	(58, 0.3215)	(60, 0.3245)	(62, 0.332)	(64, 0.3375)	(66, 0.3405)	(68, 0.347)	(70, 0.353)	(72, 0.3625)	(74, 0.373)	(76, 0.3825)	(78, 0.3885)	(80, 0.3905)	(82, 0.392)	(84, 0.397)	(86, 0.4045)	(88, 0.41)	(90, 0.415)	(92, 0.4185)	(94, 0.422)	(96, 0.4275)	(98, 0.4345)	(100, 0.437)	(102, 0.4385)	(104, 0.448)	(106, 0.453)	(108, 0.456)	(110, 0.459)	(112, 0.464)	(114, 0.4685)	(116, 0.4735)	(118, 0.476)	(120, 0.4795)	(122, 0.483)	(124, 0.4865)	(126, 0.4905)	(128, 0.4955)	(130, 0.503)	(132, 0.505)	(134, 0.508)	(136, 0.5115000000000001)	(138, 0.516)
SRR16013090_1.fastq.gz - polyg	(1, 0.0)	(2, 0.0)	(3, 0.0)	(4, 0.0)	(5, 0.0)	(6, 0.0)	(7, 0.0)	(8, 0.0)	(9, 0.0)	(10, 0.0)	(12, 0.0)	(14, 0.0)	(16, 0.0)	(18, 0.0005)	(20, 0.001)	(22, 0.001)	(24, 0.001)	(26, 0.001)	(28, 0.001)	(30, 0.001)	(32, 0.001)	(34, 0.001)	(36, 0.001)	(38, 0.0015)	(40, 0.002)	(42, 0.002)	(44, 0.002)	(46, 0.002)	(48, 0.002)	(50, 0.002)	(52, 0.002)	(54, 0.003)	(56, 0.003)	(58, 0.003)	(60, 0.003)	(62, 0.003)	(64, 0.003)	(66, 0.003)	(68, 0.004)	(70, 0.0395)	(72, 0.0435)	(74, 0.044)	(76, 0.045)	(78, 0.045)	(80, 0.045)	(82, 0.045)	(84, 0.045)	(86, 0.0455)	(88, 0.046)	(90, 0.0465)	(92, 0.049)	(94, 0.049)	(96, 0.049)	(98, 0.05)	(100, 0.0505)	(102, 0.052)	(104, 0.053)	(106, 0.0555)	(108, 0.062)	(110, 0.064)	(112, 0.0665)	(114, 0.081)	(116, 0.0895)	(118, 0.10400000000000001)	(120, 0.1215)	(122, 0.146)	(124, 0.177)	(126, 0.22199999999999998)	(128, 0.28049999999999997)	(130, 0.344)	(132, 0.42800000000000005)	(134, 0.5385)	(136, 0.651)	(138, 0.8160000000000001)
SRR16013090_1.trimmed.fastq.gz - polya	(1, 0.03234040587209369)	(2, 0.04042550734011712)	(3, 0.05313066678986821)	(4, 0.06352579724875547)	(5, 0.07045588422134698)	(6, 0.07276591321221082)	(7, 0.07738597119393849)	(8, 0.09009113064368958)	(9, 0.09933124660714492)	(10, 0.11145889880918006)	(12, 0.11607895679090773)	(14, 0.12358655101121518)	(16, 0.13167165247923862)	(18, 0.14148927569040992)	(20, 0.1570819713787408)	(22, 0.16574458009448018)	(24, 0.17325217431478765)	(26, 0.18422481202139088)	(28, 0.19288742073713025)	(30, 0.19808498596657387)	(32, 0.2061700874345973)	(34, 0.22291779761836011)	(36, 0.22811536284780373)	(38, 0.2356229570681112)	(40, 0.2454405802792825)	(42, 0.25872324697674953)	(44, 0.266230841197057)	(46, 0.2708508991787847)	(48, 0.2748934499127964)	(50, 0.281246029637672)	(52, 0.28759860936254755)	(54, 0.29799373982143473)	(56, 0.30550133404174223)	(58, 0.3130089282620497)	(60, 0.31589646450062947)	(62, 0.32224904422550504)	(64, 0.3286016239503806)	(66, 0.33148916018896035)	(68, 0.33726423266611993)	(70, 0.3430393051432795)	(72, 0.3540119428498828)	(74, 0.3661395950519179)	(76, 0.37480220376765727)	(78, 0.379422261749385)	(80, 0.38173229074024884)	(82, 0.38346481248339664)	(84, 0.3880848704651243)	(86, 0.39616997193314774)	(88, 0.4019450444103074)	(90, 0.40772011688746695)	(92, 0.4094526386306148)	(94, 0.4123401748691946)	(96, 0.4186927545940702)	(98, 0.4250453343189457)	(100, 0.42735536330980955)	(102, 0.4279328705575255)	(104, 0.4377504937686968)	(106, 0.44006052275956065)	(108, 0.4423705517504245)	(110, 0.44583559523672023)	(112, 0.4516106677138798)	(114, 0.4568082329433234)	(116, 0.462583305420483)	(118, 0.46489333441134684)	(120, 0.4672033634022107)	(122, 0.4712459141362224)	(124, 0.47528846487023413)	(126, 0.47990852285196184)	(128, 0.4839510735859735)	(130, 0.490881160558565)	(132, 0.49319118954942887)	(134, 0.49492371129257673)	(136, 0.49838875477887246)	(138, 0.5035863200083162)
SRR16013090_2.fastq.gz - illumina_universal_adapter	(1, 0.0)	(2, 0.0)	(3, 0.0)	(4, 0.0)	(5, 0.0)	(6, 0.0)	(7, 0.0)	(8, 0.0)	(9, 0.0)	(10, 0.0)	(12, 0.0)	(14, 0.0005)	(16, 0.001)	(18, 0.001)	(20, 0.0015)	(22, 0.004)	(24, 0.004)	(26, 0.004)	(28, 0.004)	(30, 0.004)	(32, 0.005)	(34, 0.005)	(36, 0.006)	(38, 0.010499999999999999)	(40, 0.012)	(42, 0.0145)	(44, 0.026000000000000002)	(46, 0.0335)	(48, 0.045)	(50, 0.0625)	(52, 0.0775)	(54, 0.10800000000000001)	(56, 0.14600000000000002)	(58, 0.187)	(60, 0.238)	(62, 0.3115)	(64, 0.394)	(66, 0.49850000000000005)	(68, 0.6295)	(70, 0.7715)	(72, 0.981)	(74, 1.1840000000000002)	(76, 1.455)	(78, 1.7534999999999998)	(80, 2.13)	(82, 2.5755)	(84, 3.0645)	(86, 3.658)	(88, 4.3535)	(90, 5.098)	(92, 5.943)	(94, 6.94)	(96, 8.079)	(98, 9.3205)	(100, 10.6415)	(102, 11.994499999999999)	(104, 13.465499999999999)	(106, 14.9695)	(108, 16.4035)	(110, 17.817)	(112, 19.293)	(114, 21.055)	(116, 22.6935)	(118, 24.421999999999997)	(120, 26.058999999999997)	(122, 27.622)	(124, 29.316000000000003)	(126, 30.948999999999998)	(128, 32.474500000000006)	(130, 33.983999999999995)	(132, 35.4095)	(134, 36.782)	(136, 38.155)	(138, 39.516000000000005)
SRR16013090_2.fastq.gz - polya	(1, 0.03)	(2, 0.042)	(3, 0.075)	(4, 0.113)	(5, 0.168)	(6, 0.213)	(7, 0.259)	(8, 0.332)	(9, 0.414)	(10, 0.5235000000000001)	(12, 0.671)	(14, 0.8265)	(16, 0.991)	(18, 1.1445)	(20, 1.3215)	(22, 1.4975)	(24, 1.7349999999999999)	(26, 2.1915)	(28, 2.9815)	(30, 3.3105)	(32, 3.609)	(34, 3.872)	(36, 4.1605)	(38, 4.439)	(40, 4.697)	(42, 4.9345)	(44, 5.1695)	(46, 5.3955)	(48, 5.6485)	(50, 5.8580000000000005)	(52, 6.0405)	(54, 6.1884999999999994)	(56, 6.35)	(58, 6.5055)	(60, 6.6495)	(62, 6.785)	(64, 6.9345)	(66, 7.080500000000001)	(68, 7.243)	(70, 7.372)	(72, 7.515000000000001)	(74, 7.6425)	(76, 7.7635)	(78, 7.890000000000001)	(80, 7.997999999999999)	(82, 8.103)	(84, 8.180499999999999)	(86, 8.2685)	(88, 8.365)	(90, 8.469000000000001)	(92, 8.584)	(94, 8.712)	(96, 8.8085)	(98, 8.8975)	(100, 8.983)	(102, 9.072)	(104, 9.1435)	(106, 9.22)	(108, 9.288499999999999)	(110, 9.3655)	(112, 9.4495)	(114, 9.512)	(116, 9.576)	(118, 9.665)	(120, 9.747)	(122, 9.822)	(124, 9.913499999999999)	(126, 9.9915)	(128, 10.0655)	(130, 10.1375)	(132, 10.212)	(134, 10.2775)	(136, 10.343499999999999)	(138, 10.4225)
SRR16013090_2.fastq.gz - polyg	(1, 8.845)	(2, 9.028)	(3, 9.03)	(4, 9.034)	(5, 9.036)	(6, 9.039)	(7, 9.052)	(8, 9.07)	(9, 9.088)	(10, 9.1145)	(12, 9.16)	(14, 9.185500000000001)	(16, 9.192499999999999)	(18, 9.194500000000001)	(20, 9.195)	(22, 9.196)	(24, 9.196)	(26, 9.196)	(28, 9.196)	(30, 9.196)	(32, 9.196)	(34, 9.197)	(36, 9.1975)	(38, 9.1985)	(40, 9.199)	(42, 9.1995)	(44, 9.2)	(46, 9.2)	(48, 9.2)	(50, 9.2)	(52, 9.2)	(54, 9.2)	(56, 9.2)	(58, 9.2)	(60, 9.2005)	(62, 9.201)	(64, 9.201)	(66, 9.201)	(68, 9.201)	(70, 9.202)	(72, 9.202)	(74, 9.202)	(76, 9.202)	(78, 9.204)	(80, 9.205)	(82, 9.2055)	(84, 9.207)	(86, 9.207)	(88, 9.208)	(90, 9.209)	(92, 9.2095)	(94, 9.21)	(96, 9.2125)	(98, 9.215499999999999)	(100, 9.2165)	(102, 9.2185)	(104, 9.2245)	(106, 9.2315)	(108, 9.2425)	(110, 9.248999999999999)	(112, 9.2625)	(114, 9.2775)	(116, 9.287500000000001)	(118, 9.312999999999999)	(120, 9.349)	(122, 9.3875)	(124, 9.43)	(126, 9.4865)	(128, 9.5695)	(130, 9.6465)	(132, 9.746500000000001)	(134, 9.8655)	(136, 10.0095)	(138, 10.1755)
SRR16013090_2.trimmed.fastq.gz - polya	(1, 0.026565333394934106)	(2, 0.0392704928446852)	(3, 0.06699084073505122)	(4, 0.09355617412998533)	(5, 0.1443768119289897)	(6, 0.18711234825997067)	(7, 0.22984788459095162)	(8, 0.29799373982143473)	(9, 0.37075965303364555)	(10, 0.47009089964079054)	(12, 0.6069601173494727)	(14, 0.7426743205627231)	(16, 0.884163596253133)	(18, 0.9979325240531769)	(20, 1.137689278000439)	(22, 1.26185333625937)	(24, 1.3842848727751533)	(26, 1.57197472828284)	(28, 1.809907714341815)	(30, 1.9213666131509952)	(32, 2.0114577437946846)	(34, 2.0819136280160313)	(36, 2.159877106457686)	(38, 2.2216703819632935)	(40, 2.2811536284780374)	(42, 2.3383268460019173)	(44, 2.383949918571478)	(46, 2.4330380346273346)	(48, 2.4728860347197354)	(50, 2.507536469582693)	(52, 2.54796197692281)	(54, 2.5774148465563247)	(56, 2.6062902089421223)	(58, 2.6328555423370563)	(60, 2.6536458032548307)	(62, 2.6750135714203216)	(64, 2.697536354081244)	(66, 2.722946672980746)	(68, 2.7408493976599404)	(70, 2.7575971078437034)	(72, 2.7847399484863535)	(74, 2.7974451079361047)	(76, 2.8153478326152994)	(78, 2.8349830790376416)	(80, 2.8436456877533813)	(82, 2.8580833689462803)	(84, 2.863280934175724)	(86, 2.875986093625475)	(88, 2.887536238579794)	(90, 2.900241398029545)	(92, 2.9112140357361485)	(94, 2.9256517169290475)	(96, 2.9366243546356507)	(98, 2.9447094561036744)	(100, 2.9545270793148455)	(102, 2.9626121807828687)	(104, 2.9683872532600284)	(106, 2.9706972822508924)	(108, 2.9747398329849037)	(110, 2.9810924127097795)	(112, 2.989755021425519)	(114, 2.9972626156458264)	(116, 3.0111227895910093)	(118, 3.023250441793045)	(120, 3.030180528765636)	(122, 3.0371106157382277)	(124, 3.041730673719955)	(126, 3.0492382679402628)	(128, 3.0538583259219907)	(130, 3.05963339839915)	(132, 3.06252093463773)	(134, 3.071761050601185)	(136, 3.076381108582913)	(138, 3.082156181060072)
SRR16013090_2.trimmed.fastq.gz - polyg	(1, 1.0822485822197068)	(2, 1.1180540315780962)	(3, 1.1180540315780962)	(4, 1.1203640605689602)	(5, 1.121519075064392)	(6, 1.121519075064392)	(7, 1.122674089559824)	(8, 1.1284491620369836)	(9, 1.1342242345141431)	(10, 1.1405768142390187)	(12, 1.1475069012116101)	(14, 1.149239422954758)	(16, 1.149239422954758)	(18, 1.149239422954758)	(20, 1.149239422954758)	(22, 1.15039443745019)	(24, 1.15039443745019)	(26, 1.15039443745019)	(28, 1.15039443745019)	(30, 1.15039443745019)	(32, 1.15039443745019)	(34, 1.15039443745019)	(36, 1.15039443745019)	(38, 1.15039443745019)	(40, 1.15039443745019)	(42, 1.15039443745019)	(44, 1.15039443745019)	(46, 1.15039443745019)	(48, 1.15039443745019)	(50, 1.15039443745019)	(52, 1.15039443745019)	(54, 1.15039443745019)	(56, 1.15039443745019)	(58, 1.15039443745019)	(60, 1.15039443745019)	(62, 1.15039443745019)	(64, 1.15039443745019)	(66, 1.15039443745019)	(68, 1.15039443745019)	(70, 1.15039443745019)	(72, 1.15039443745019)	(74, 1.15039443745019)	(76, 1.15039443745019)	(78, 1.15039443745019)	(80, 1.15039443745019)	(82, 1.15039443745019)	(84, 1.15039443745019)	(86, 1.15039443745019)	(88, 1.1509719446979059)	(90, 1.151549451945622)	(92, 1.151549451945622)	(94, 1.151549451945622)	(96, 1.151549451945622)	(98, 1.151549451945622)	(100, 1.151549451945622)	(102, 1.151549451945622)	(104, 1.151549451945622)	(106, 1.151549451945622)	(108, 1.1527044664410537)	(110, 1.1527044664410537)	(112, 1.1527044664410537)	(114, 1.1527044664410537)	(116, 1.1527044664410537)	(118, 1.1538594809364857)	(120, 1.1538594809364857)	(122, 1.1538594809364857)	(124, 1.1538594809364857)	(126, 1.1538594809364857)	(128, 1.1538594809364857)	(130, 1.1538594809364857)	(132, 1.1550144954319177)	(134, 1.1550144954319177)	(136, 1.1550144954319177)	(138, 1.1550144954319177)
