Sample	0	1	2	3	4	5	6	7	8	9	10	11	12	13	14	15	16	17	18	19	20	21	22	23	24	25	26	27	28	29	30	31	32	33	34	35	36	37	38	39	40	41	42	43	44	45	46	47	48	49	50	51	52	53	54	55	56	57	58	59	60	61	62	63	64	65	66	67	68	69	70	71	72	73	74	75	76	77	78	79	80	81	82	83	84	85	86	87	88	89	90	91	92	93	94	95	96	97	98	99	100
SRR16013048_1.fastq.gz	(0.0, 0.00999950002499875)	(1.0, 0.007499625018749062)	(2.0, 0.004499775011249437)	(3.0, 0.0024998750062496873)	(4.0, 0.002999850007499625)	(5.0, 0.002999850007499625)	(6.0, 0.000999950002499875)	(7.0, 0.00199990000499975)	(8.0, 0.0034998250087495625)	(9.0, 0.004499775011249437)	(10.0, 0.0034998250087495625)	(11.0, 0.0014999250037498126)	(12.0, 0.000999950002499875)	(13.0, 0.0014999250037498126)	(14.0, 0.0034998250087495625)	(15.0, 0.0039998000099995)	(16.0, 0.0034998250087495625)	(17.0, 0.006999650017499125)	(18.0, 0.012999350032498374)	(19.0, 0.013499325033748314)	(20.0, 0.024998750062496876)	(21.0, 0.05049747512624368)	(22.0, 0.07299635018249089)	(23.0, 0.11499425028748562)	(24.0, 0.17099145042747863)	(25.0, 0.231988400579971)	(26.0, 0.3184840757962102)	(27.0, 0.45097745112744364)	(28.0, 0.5904704764761762)	(29.0, 0.752462376881156)	(30.0, 0.9289535523223839)	(31.0, 1.0864456777161142)	(32.0, 1.2269386530673467)	(33.0, 1.3239338033098345)	(34.0, 1.4284285785710715)	(35.0, 1.5964201789910506)	(36.0, 1.7579121043947803)	(37.0, 1.9084045797710114)	(38.0, 2.0338983050847457)	(39.0, 2.1508924553772313)	(40.0, 2.327383630818459)	(41.0, 2.412879356032198)	(42.0, 2.48137593120344)	(43.0, 2.565871706414679)	(44.0, 2.6563671816409182)	(45.0, 2.8458577071146443)	(46.0, 2.919354032298385)	(47.0, 2.8518574071296436)	(48.0, 2.7283635818209087)	(49.0, 2.6908654567271637)	(50.0, 2.712864356782161)	(51.0, 2.766361681915904)	(52.0, 2.974851257437128)	(53.0, 2.969351532423379)	(54.0, 2.7948602569871506)	(55.0, 2.7708614569271535)	(56.0, 2.7423628818559074)	(57.0, 2.8268586570671466)	(58.0, 3.0208489575521225)	(59.0, 3.240837958102095)	(60.0, 3.652317384130793)	(61.0, 4.272286385680716)	(62.0, 4.07329633518324)	(63.0, 3.36183190840458)	(64.0, 2.6608669566521677)	(65.0, 1.7449127543622818)	(66.0, 1.2974351282435879)	(67.0, 1.1539423028848557)	(68.0, 1.0679466026698665)	(69.0, 0.7889605519724013)	(70.0, 0.5084745762711864)	(71.0, 0.41197940102994846)	(72.0, 0.3504824758762062)	(73.0, 0.255987200639968)	(74.0, 0.1719914004299785)	(75.0, 0.15299235038248088)	(76.0, 0.13099345032748363)	(77.0, 0.111994400279986)	(78.0, 0.08649567521623919)	(79.0, 0.05349732513374332)	(80.0, 0.02199890005499725)	(81.0, 0.01799910004499775)	(82.0, 0.010499475026248688)	(83.0, 0.007499625018749062)	(84.0, 0.004999750012499375)	(85.0, 0.00599970001499925)	(86.0, 0.004499775011249437)	(87.0, 0.000999950002499875)	(88.0, 0.0)	(89.0, 0.0)	(90.0, 0.0004999750012499375)	(91.0, 0.0004999750012499375)	(92.0, 0.0)	(93.0, 0.0)	(94.0, 0.0004999750012499375)	(95.0, 0.0004999750012499375)	(96.0, 0.0)	(97.0, 0.0)	(98.0, 0.0)	(99.0, 0.0)	(100.0, 0.0)
SRR16013048_1.trimmed.fastq.gz	(0.0, 0.010666894227076843)	(1.0, 0.008000170670307633)	(2.0, 0.0053334471135384216)	(3.0, 0.003733412979476895)	(4.0, 0.003733412979476895)	(5.0, 0.0032000682681230536)	(6.0, 0.0005333447113538422)	(7.0, 0.0016000341340615268)	(8.0, 0.0026667235567692108)	(9.0, 0.0032000682681230536)	(10.0, 0.0032000682681230536)	(11.0, 0.0016000341340615268)	(12.0, 0.0010666894227076844)	(13.0, 0.0005333447113538422)	(14.0, 0.0010666894227076844)	(15.0, 0.0016000341340615268)	(16.0, 0.0026667235567692108)	(17.0, 0.00746682595895379)	(18.0, 0.012800273072492215)	(19.0, 0.012800273072492215)	(20.0, 0.023467167299569058)	(21.0, 0.050667747578615016)	(22.0, 0.07573494901224559)	(23.0, 0.11520245765242992)	(24.0, 0.17227034176729103)	(25.0, 0.24160515424329052)	(26.0, 0.34774075180270514)	(27.0, 0.4928105132909502)	(28.0, 0.6368135853564877)	(29.0, 0.8058838588556556)	(30.0, 0.9925545078295004)	(31.0, 1.1504245423902377)	(32.0, 1.3066945428169134)	(33.0, 1.426163758160174)	(34.0, 1.5120322566881428)	(35.0, 1.6715023253829415)	(36.0, 1.8203054998506634)	(37.0, 1.953641677689124)	(38.0, 2.105644920424969)	(39.0, 2.200580279045953)	(40.0, 2.3285830097708753)	(41.0, 2.4219183342577977)	(42.0, 2.545120962580535)	(43.0, 2.6560566625421345)	(44.0, 2.7093911336775185)	(45.0, 2.8373938644024403)	(46.0, 2.872594615351794)	(47.0, 2.819793488927764)	(48.0, 2.716857959636472)	(49.0, 2.660323420232965)	(50.0, 2.674190382728165)	(51.0, 2.734991679822503)	(52.0, 2.933929257157486)	(53.0, 2.9312625336007168)	(54.0, 2.744591884626872)	(55.0, 2.7035243418526265)	(56.0, 2.6747237274395186)	(57.0, 2.781926014421641)	(58.0, 2.968063318684132)	(59.0, 3.1350002133378845)	(60.0, 3.5030080641720356)	(61.0, 4.1344882024149845)	(62.0, 3.977684857276955)	(63.0, 3.2966036608780986)	(64.0, 2.625656013994965)	(65.0, 1.706703076332295)	(66.0, 1.265093655331314)	(67.0, 1.159491402483253)	(68.0, 1.0496223919443615)	(69.0, 0.7632162819473481)	(70.0, 0.5077441652088578)	(71.0, 0.4149421854332892)	(72.0, 0.35414088833895124)	(73.0, 0.2528053931817212)	(74.0, 0.1653368605196911)	(75.0, 0.14880317446772198)	(76.0, 0.13173614370439904)	(77.0, 0.12533600716815294)	(78.0, 0.11466911294107608)	(79.0, 0.07360157016683022)	(80.0, 0.038934163928830486)	(81.0, 0.041067542774245853)	(82.0, 0.03093399325852285)	(83.0, 0.020800443742799848)	(84.0, 0.01493365191790758)	(85.0, 0.01493365191790758)	(86.0, 0.011733583649784529)	(87.0, 0.0048001024021845804)	(88.0, 0.002133378845415369)	(89.0, 0.0026667235567692108)	(90.0, 0.0032000682681230536)	(91.0, 0.002133378845415369)	(92.0, 0.0005333447113538422)	(93.0, 0.0)	(94.0, 0.0005333447113538422)	(95.0, 0.0005333447113538422)	(96.0, 0.0)	(97.0, 0.0)	(98.0, 0.0)	(99.0, 0.0)	(100.0, 0.0)
SRR16013048_2.fastq.gz	(0.0, 0.02602824064109559)	(1.0, 0.02652878373034743)	(2.0, 0.024026068284088237)	(3.0, 0.03453747315837684)	(4.0, 0.05355811054994669)	(5.0, 0.062067343067227936)	(6.0, 0.07157766176301286)	(7.0, 0.08709449752981986)	(8.0, 0.08409123899430881)	(9.0, 0.06907494631675368)	(10.0, 0.07758417883403493)	(11.0, 0.09009775606533088)	(12.0, 0.08709449752981986)	(13.0, 0.09510318695784926)	(14.0, 0.11712708288493015)	(15.0, 0.12763848775921874)	(16.0, 0.12263305686670038)	(17.0, 0.11612599670642648)	(18.0, 0.11312273817091544)	(19.0, 0.13514663409799632)	(20.0, 0.16718139181011396)	(21.0, 0.18620202920168383)	(22.0, 0.20722483895026103)	(23.0, 0.2557775186076893)	(24.0, 0.31183834460389526)	(25.0, 0.3949284974197003)	(26.0, 0.5065496063228603)	(27.0, 0.6301837493680643)	(28.0, 0.7903575379286525)	(29.0, 0.931010146008419)	(30.0, 1.0191057297167425)	(31.0, 1.1362328126016727)	(32.0, 1.3069180060365497)	(33.0, 1.4065260807976654)	(34.0, 1.491618405970478)	(35.0, 1.6663079441193693)	(36.0, 1.782433940825796)	(37.0, 1.8765360416051418)	(38.0, 2.0091799602568785)	(39.0, 2.1643483179249485)	(40.0, 2.274467797560353)	(41.0, 2.270463452846338)	(42.0, 2.4086133454798455)	(43.0, 2.5507675828273677)	(44.0, 2.5572746429876414)	(45.0, 2.601822977931055)	(46.0, 2.6443691405174614)	(47.0, 2.6503756575884836)	(48.0, 2.636860994178684)	(49.0, 2.6128349258945955)	(50.0, 2.6268501323936473)	(51.0, 2.620343072233373)	(52.0, 2.623346330768884)	(53.0, 2.7364690689397997)	(54.0, 2.7259576640655108)	(55.0, 2.587307228342752)	(56.0, 2.5572746429876414)	(57.0, 2.5637817031479155)	(58.0, 2.599820805574048)	(59.0, 2.865108642877522)	(60.0, 3.202975228122513)	(61.0, 3.6379471726823605)	(62.0, 3.6479580344673974)	(63.0, 3.214988262264557)	(64.0, 2.911659150177943)	(65.0, 2.234924893509458)	(66.0, 1.519648818968581)	(67.0, 1.1817822337235901)	(68.0, 0.92850743056216)	(69.0, 0.733295625753943)	(70.0, 0.5761250957288658)	(71.0, 0.4409784616308695)	(72.0, 0.36339428279683456)	(73.0, 0.29882422428334743)	(74.0, 0.24676774300115625)	(75.0, 0.19871560643297978)	(76.0, 0.1711857365241287)	(77.0, 0.15116401295405515)	(78.0, 0.10961893654615258)	(79.0, 0.07157766176301286)	(80.0, 0.05405865363919853)	(81.0, 0.04554942112191728)	(82.0, 0.030032585355110296)	(83.0, 0.02552769755184375)	(84.0, 0.025027154462591912)	(85.0, 0.023525525194836396)	(86.0, 0.024526611373340074)	(87.0, 0.02002172357007353)	(88.0, 0.01451574958830331)	(89.0, 0.01451574958830331)	(90.0, 0.012513577231295956)	(91.0, 0.013014120320547795)	(92.0, 0.013514663409799633)	(93.0, 0.011011947963540441)	(94.0, 0.013014120320547795)	(95.0, 0.015516835766806984)	(96.0, 0.01651792194531066)	(97.0, 0.01751900812381434)	(98.0, 0.02052226665932537)	(99.0, 0.03153421462286581)	(100.0, 0.1411531511690184)
SRR16013048_2.trimmed.fastq.gz	(0.0, 0.026681750749757194)	(1.0, 0.025614480719766908)	(2.0, 0.021879035614800903)	(3.0, 0.030417195854723203)	(4.0, 0.04642624630457752)	(5.0, 0.05549804155949497)	(6.0, 0.06403620179941727)	(7.0, 0.07577617212931044)	(8.0, 0.07257436203933958)	(9.0, 0.05763258161947555)	(10.0, 0.060834391709446406)	(11.0, 0.06830528191937842)	(12.0, 0.0656371068444027)	(13.0, 0.06777164690438328)	(14.0, 0.07951161723427644)	(15.0, 0.08111252227926188)	(16.0, 0.07524253711431529)	(17.0, 0.07364163206932986)	(18.0, 0.06617074185939785)	(19.0, 0.07737707717429587)	(20.0, 0.10512609795404336)	(21.0, 0.11099608311898994)	(22.0, 0.12273605344888311)	(23.0, 0.1787677300233732)	(24.0, 0.23533304161285845)	(25.0, 0.30790740365219804)	(26.0, 0.42744164701111026)	(27.0, 0.5544467805799546)	(28.0, 0.700662774688624)	(29.0, 0.837806973542376)	(30.0, 0.9472021516163805)	(31.0, 1.1062253860849334)	(32.0, 1.2887285612132726)	(33.0, 1.3853164989273936)	(34.0, 1.48243807165651)	(35.0, 1.6596048966348975)	(36.0, 1.769000074708902)	(37.0, 1.8682561874979988)	(38.0, 2.0443557424463963)	(39.0, 2.184701751390119)	(40.0, 2.2412670629796043)	(41.0, 2.268482448744357)	(42.0, 2.4611246891576037)	(43.0, 2.6228160987011324)	(44.0, 2.6228160987011324)	(45.0, 2.6265515438060985)	(46.0, 2.6270851788210936)	(47.0, 2.6308206239260596)	(48.0, 2.6639059948557584)	(49.0, 2.6564351046458263)	(50.0, 2.6457624043459234)	(51.0, 2.6457624043459234)	(52.0, 2.6436278642859428)	(53.0, 2.769565727824797)	(54.0, 2.7791711580947096)	(55.0, 2.6526996595408603)	(56.0, 2.628686083866079)	(57.0, 2.6388251491509864)	(58.0, 2.677246870230637)	(59.0, 2.952602537968131)	(60.0, 3.319209793269795)	(61.0, 3.7952122266454635)	(62.0, 3.826163057515182)	(63.0, 3.4013895855790475)	(64.0, 3.084944021686927)	(65.0, 2.355464956188565)	(66.0, 1.583828724505587)	(67.0, 1.2140196591139523)	(68.0, 0.9552066768413076)	(69.0, 0.7486899260381868)	(70.0, 0.5811285313297118)	(71.0, 0.43544617223603743)	(72.0, 0.3441945846718678)	(73.0, 0.27322112767751366)	(74.0, 0.21612218107303327)	(75.0, 0.17449864990341207)	(76.0, 0.15848959945355773)	(77.0, 0.1419469139887083)	(78.0, 0.10726063801402393)	(79.0, 0.06777164690438328)	(80.0, 0.05336350149951439)	(81.0, 0.04695988131957266)	(82.0, 0.027749020779747485)	(83.0, 0.01921086053982518)	(84.0, 0.01760995549483975)	(85.0, 0.014941780419864029)	(86.0, 0.010672700299902879)	(87.0, 0.005869985164946583)	(88.0, 0.0021345400599805755)	(89.0, 0.0032018100899708635)	(90.0, 0.0032018100899708635)	(91.0, 0.0016009050449854317)	(92.0, 0.0010672700299902878)	(93.0, 0.0005336350149951439)	(94.0, 0.0005336350149951439)	(95.0, 0.0010672700299902878)	(96.0, 0.0005336350149951439)	(97.0, 0.0010672700299902878)	(98.0, 0.0016009050449854317)	(99.0, 0.004269080119961151)	(100.0, 0.03415264095968921)
SRR16013050_1.fastq.gz	(0.0, 0.001999980000199998)	(1.0, 0.0014999850001499986)	(2.0, 0.0004999950000499995)	(3.0, 0.0014999850001499986)	(4.0, 0.0029999700002999972)	(5.0, 0.003999960000399996)	(6.0, 0.003999960000399996)	(7.0, 0.003499965000349997)	(8.0, 0.005499945000549994)	(9.0, 0.0049999500004999945)	(10.0, 0.001999980000199998)	(11.0, 0.000999990000099999)	(12.0, 0.001999980000199998)	(13.0, 0.0014999850001499986)	(14.0, 0.0029999700002999972)	(15.0, 0.009499905000949991)	(16.0, 0.01049989500104999)	(17.0, 0.012999870001299986)	(18.0, 0.023999760002399978)	(19.0, 0.031499685003149966)	(20.0, 0.03349966500334997)	(21.0, 0.07399926000739993)	(22.0, 0.12149878501214989)	(23.0, 0.14799852001479985)	(24.0, 0.2004979950200498)	(25.0, 0.2864971350286497)	(26.0, 0.4089959100408996)	(27.0, 0.5499945000549994)	(28.0, 0.6944930550694492)	(29.0, 0.8384916150838492)	(30.0, 0.970490295097049)	(31.0, 1.100488995110049)	(32.0, 1.2699873001269988)	(33.0, 1.3959860401395985)	(34.0, 1.4974850251497485)	(35.0, 1.6979830201697983)	(36.0, 1.8924810751892482)	(37.0, 2.045979540204598)	(38.0, 2.228477715222848)	(39.0, 2.327976720232798)	(40.0, 2.4264757352426476)	(41.0, 2.6134738652613474)	(42.0, 2.6954730452695475)	(43.0, 2.743972560274397)	(44.0, 2.8434715652843474)	(45.0, 2.9064709352906473)	(46.0, 3.0129698703012973)	(47.0, 3.138468615313847)	(48.0, 3.0964690353096467)	(49.0, 3.062969370306297)	(50.0, 3.017969820301797)	(51.0, 2.988470115298847)	(52.0, 2.960470395296047)	(53.0, 2.967470325296747)	(54.0, 2.946470535294647)	(55.0, 2.844971550284497)	(56.0, 2.7464725352746475)	(57.0, 2.903970960290397)	(58.0, 2.983970160298397)	(59.0, 2.836971630283697)	(60.0, 3.052969470305297)	(61.0, 3.5869641303586963)	(62.0, 3.400465995340047)	(63.0, 2.770972290277097)	(64.0, 2.251477485225148)	(65.0, 1.5429845701542984)	(66.0, 1.172988270117299)	(67.0, 1.0579894201057989)	(68.0, 0.889491105088949)	(69.0, 0.6219937800621994)	(70.0, 0.47499525004749954)	(71.0, 0.36749632503674967)	(72.0, 0.32199678003219967)	(73.0, 0.26199738002619977)	(74.0, 0.14399856001439984)	(75.0, 0.1024989750102499)	(76.0, 0.08499915000849992)	(77.0, 0.06999930000699993)	(78.0, 0.05999940000599994)	(79.0, 0.04249957500424996)	(80.0, 0.019999800001999978)	(81.0, 0.016499835001649983)	(82.0, 0.011999880001199989)	(83.0, 0.003999960000399996)	(84.0, 0.003499965000349997)	(85.0, 0.003999960000399996)	(86.0, 0.003499965000349997)	(87.0, 0.003499965000349997)	(88.0, 0.0024999750002499973)	(89.0, 0.0004999950000499995)	(90.0, 0.0)	(91.0, 0.0004999950000499995)	(92.0, 0.0004999950000499995)	(93.0, 0.0)	(94.0, 0.0004999950000499995)	(95.0, 0.0004999950000499995)	(96.0, 0.0)	(97.0, 0.0)	(98.0, 0.0)	(99.0, 0.0)	(100.0, 0.0)
SRR16013050_1.trimmed.fastq.gz	(0.0, 0.0020908254578907754)	(1.0, 0.0015681190934180814)	(2.0, 0.0005227063644726938)	(3.0, 0.0015681190934180814)	(4.0, 0.003136238186836163)	(5.0, 0.004181650915781551)	(6.0, 0.004181650915781551)	(7.0, 0.003136238186836163)	(8.0, 0.0047043572802542444)	(9.0, 0.0047043572802542444)	(10.0, 0.0020908254578907754)	(11.0, 0.0010454127289453877)	(12.0, 0.0020908254578907754)	(13.0, 0.0015681190934180814)	(14.0, 0.0015681190934180814)	(15.0, 0.007317889102617714)	(16.0, 0.009408714560508489)	(17.0, 0.011499540018399264)	(18.0, 0.021953667307853142)	(19.0, 0.02874885004599816)	(20.0, 0.03188508823283432)	(21.0, 0.07526971648406791)	(22.0, 0.1259722338379192)	(23.0, 0.15628920297733545)	(24.0, 0.2195366730785314)	(25.0, 0.3131011123191436)	(26.0, 0.4343689888768086)	(27.0, 0.5734088818265451)	(28.0, 0.7302207911683533)	(29.0, 0.8974868277996153)	(30.0, 1.03809483984277)	(31.0, 1.176089320063561)	(32.0, 1.3302876975830058)	(33.0, 1.4411014468512169)	(34.0, 1.5571422597641549)	(35.0, 1.7500209082545788)	(36.0, 1.93453625491344)	(37.0, 2.091348164255248)	(38.0, 2.263841264531237)	(39.0, 2.3553148783139584)	(40.0, 2.455674500292716)	(41.0, 2.641235259680522)	(42.0, 2.7217320398093166)	(43.0, 2.782888684452622)	(44.0, 2.898406791001087)	(45.0, 2.9109517437484316)	(46.0, 2.9794262774943547)	(47.0, 3.103307685874383)	(48.0, 3.069331772183658)	(49.0, 3.04058292213766)	(50.0, 2.998243706615372)	(51.0, 2.9621769674667555)	(52.0, 2.9109517437484316)	(53.0, 2.9250648155891947)	(54.0, 2.8916116082629424)	(55.0, 2.7635485489671323)	(56.0, 2.6757338797357195)	(57.0, 2.8675671154971982)	(58.0, 2.9255875219536676)	(59.0, 2.764071255331605)	(60.0, 2.993016642970645)	(61.0, 3.5152003010788664)	(62.0, 3.3416617880739317)	(63.0, 2.736890524379025)	(64.0, 2.230388057204985)	(65.0, 1.5273479969892114)	(66.0, 1.1525675336622898)	(67.0, 1.027640712553316)	(68.0, 0.8676925650246717)	(69.0, 0.6120891527975245)	(70.0, 0.46050430710044327)	(71.0, 0.37007610604666724)	(72.0, 0.33087312871121516)	(73.0, 0.2597850631429288)	(74.0, 0.14008530567868194)	(75.0, 0.10663209835242954)	(76.0, 0.09147361378272141)	(77.0, 0.0757924228485406)	(78.0, 0.07108806556828635)	(79.0, 0.05331604917621477)	(80.0, 0.033453207326252406)	(81.0, 0.025612611859162)	(82.0, 0.017249310027598896)	(83.0, 0.010454127289453876)	(84.0, 0.011499540018399264)	(85.0, 0.013067659111817346)	(86.0, 0.008363301831563101)	(87.0, 0.0047043572802542444)	(88.0, 0.002613531822363469)	(89.0, 0.0015681190934180814)	(90.0, 0.0015681190934180814)	(91.0, 0.0015681190934180814)	(92.0, 0.0005227063644726938)	(93.0, 0.0005227063644726938)	(94.0, 0.0010454127289453877)	(95.0, 0.0010454127289453877)	(96.0, 0.0005227063644726938)	(97.0, 0.0)	(98.0, 0.0)	(99.0, 0.0)	(100.0, 0.0)
SRR16013050_2.fastq.gz	(0.0, 0.01501065756687248)	(1.0, 0.016511723323559727)	(2.0, 0.02051456534139239)	(3.0, 0.02902060462928679)	(4.0, 0.043030551691701106)	(5.0, 0.04353090694393019)	(6.0, 0.0460326832050756)	(7.0, 0.05654014350188634)	(8.0, 0.06654724854646799)	(9.0, 0.07355222207767516)	(10.0, 0.07155080106875882)	(11.0, 0.06904902480761341)	(12.0, 0.07405257732990424)	(13.0, 0.08205826136556955)	(14.0, 0.08506039287894405)	(15.0, 0.09756927418467111)	(16.0, 0.1040738924636492)	(17.0, 0.10357353721142011)	(18.0, 0.11858419477829259)	(19.0, 0.1325941418407069)	(20.0, 0.14310160213751763)	(21.0, 0.1731229172712626)	(22.0, 0.24717549460116683)	(23.0, 0.3172252299132384)	(24.0, 0.3962813597654335)	(25.0, 0.47583784486985764)	(26.0, 0.5603978824965726)	(27.0, 0.6999969978684867)	(28.0, 0.8010687588187614)	(29.0, 0.9086451380480141)	(30.0, 1.0767645027969859)	(31.0, 1.1768355532428025)	(32.0, 1.3034254320567602)	(33.0, 1.4900579411382082)	(34.0, 1.5721162025037778)	(35.0, 1.6927018182909865)	(36.0, 1.9118574187673247)	(37.0, 2.0609632839315917)	(38.0, 2.1460236768105356)	(39.0, 2.239590108977374)	(40.0, 2.3941998819161605)	(41.0, 2.4737563670205844)	(42.0, 2.5277947342613256)	(43.0, 2.6528835473185963)	(44.0, 2.68340521770457)	(45.0, 2.7689659658357435)	(46.0, 2.9450910146203806)	(47.0, 3.0046332896356414)	(48.0, 2.9971279608522052)	(49.0, 2.918572186252239)	(50.0, 2.8190014910586516)	(51.0, 2.844519608922335)	(52.0, 2.7909815969338228)	(53.0, 2.7839766234026158)	(54.0, 2.8119965175274446)	(55.0, 2.7329403876752494)	(56.0, 2.6578870998408872)	(57.0, 2.493270221857519)	(58.0, 2.427723683815509)	(59.0, 2.675899888921134)	(60.0, 2.875041279308309)	(61.0, 3.2077775220406486)	(62.0, 3.275825836343804)	(63.0, 2.7684656105835144)	(64.0, 2.377688158592601)	(65.0, 1.8988481822093686)	(66.0, 1.3709733911076865)	(67.0, 1.0507460296810736)	(68.0, 0.8320907844569644)	(69.0, 0.6619699986990764)	(70.0, 0.5053588047513735)	(71.0, 0.38777532047753904)	(72.0, 0.33824015050685985)	(73.0, 0.25067798136677044)	(74.0, 0.16211510172222277)	(75.0, 0.13559627335408142)	(76.0, 0.12859129982287423)	(77.0, 0.1010717609502747)	(78.0, 0.06254440652863533)	(79.0, 0.04953516997067919)	(80.0, 0.04253019643947203)	(81.0, 0.03652593341272303)	(82.0, 0.025518117863683215)	(83.0, 0.017512433828017895)	(84.0, 0.014009947062414315)	(85.0, 0.008506039287894404)	(86.0, 0.010507460296810735)	(87.0, 0.014510302314643396)	(88.0, 0.012508881305727066)	(89.0, 0.009506749792352569)	(90.0, 0.006504618278978075)	(91.0, 0.0070049735312071575)	(92.0, 0.010007105044581653)	(93.0, 0.010507460296810735)	(94.0, 0.00750532878343624)	(95.0, 0.011007815549039818)	(96.0, 0.014510302314643396)	(97.0, 0.017512433828017895)	(98.0, 0.019013499584705138)	(99.0, 0.023516696854766886)	(100.0, 0.09406678741906754)
SRR16013050_2.trimmed.fastq.gz	(0.0, 0.013593989365317551)	(1.0, 0.015162526599777267)	(2.0, 0.01986813830315642)	(3.0, 0.026665132985815194)	(4.0, 0.038167739371853124)	(5.0, 0.03712204788221331)	(6.0, 0.03712204788221331)	(7.0, 0.04757896277861143)	(8.0, 0.05699018618536973)	(9.0, 0.060127260654289166)	(10.0, 0.05751303193018963)	(11.0, 0.05855872341982945)	(12.0, 0.05855872341982945)	(13.0, 0.05908156916464935)	(14.0, 0.05908156916464935)	(15.0, 0.06169579788874889)	(16.0, 0.06065010639910907)	(17.0, 0.0632643351232086)	(18.0, 0.07685832448852614)	(19.0, 0.08365531917118493)	(20.0, 0.08679239364010435)	(21.0, 0.11345752662591956)	(22.0, 0.19188438834890542)	(23.0, 0.2588086436858534)	(24.0, 0.33096135647100033)	(25.0, 0.4193222873455644)	(26.0, 0.5029776065167494)	(27.0, 0.6180036703771287)	(28.0, 0.7278012767893088)	(29.0, 0.871061010869963)	(30.0, 1.0556255587913899)	(31.0, 1.1685602396724895)	(32.0, 1.2867233780017882)	(33.0, 1.470765080178395)	(34.0, 1.5769027663768358)	(35.0, 1.698725824919874)	(36.0, 1.9167525005097747)	(37.0, 2.0673320750179074)	(38.0, 2.1546473144028315)	(39.0, 2.2681048410287517)	(40.0, 2.412410266599045)	(41.0, 2.4709689900188745)	(42.0, 2.5541014634452397)	(43.0, 2.7052038836981924)	(44.0, 2.7381431656218465)	(45.0, 2.811864415641453)	(46.0, 2.964012527384046)	(47.0, 3.022571250803875)	(48.0, 3.0236169422935153)	(49.0, 2.9546013039772876)	(50.0, 2.8432351603306474)	(51.0, 2.8374838571376286)	(52.0, 2.8050674209587947)	(53.0, 2.8322553996894295)	(54.0, 2.8625804528889844)	(55.0, 2.7684682188214014)	(56.0, 2.6858585911398563)	(57.0, 2.5384160911006424)	(58.0, 2.490837128322031)	(59.0, 2.7203664102979697)	(60.0, 2.945712926315349)	(61.0, 3.3247760913097806)	(62.0, 3.38490335196407)	(63.0, 2.8657175273579036)	(64.0, 2.465740532570676)	(65.0, 1.9659000005228455)	(66.0, 1.4043636705862668)	(67.0, 1.0660824736877879)	(68.0, 0.8496243353323468)	(69.0, 0.6739481650728586)	(70.0, 0.4914750001307114)	(71.0, 0.38115454797371134)	(72.0, 0.3403725798777587)	(73.0, 0.2457375000653557)	(74.0, 0.14848819152885323)	(75.0, 0.12234590428785795)	(76.0, 0.12234590428785795)	(77.0, 0.0909751595986636)	(78.0, 0.061172952143928976)	(79.0, 0.049147500013071145)	(80.0, 0.0365992021373934)	(81.0, 0.029279361709914725)	(82.0, 0.01986813830315642)	(83.0, 0.015685372344597173)	(84.0, 0.01254829787567774)	(85.0, 0.008365531917118493)	(86.0, 0.00627414893783887)	(87.0, 0.0041827659585592465)	(88.0, 0.0010456914896398116)	(89.0, 0.0010456914896398116)	(90.0, 0.0015685372344597175)	(91.0, 0.0015685372344597175)	(92.0, 0.0005228457448199058)	(93.0, 0.0010456914896398116)	(94.0, 0.0015685372344597175)	(95.0, 0.0010456914896398116)	(96.0, 0.0010456914896398116)	(97.0, 0.0005228457448199058)	(98.0, 0.0020913829792796232)	(99.0, 0.005751303193018964)	(100.0, 0.029802207454734626)
SRR16013054_1.fastq.gz	(0.0, 0.007999680012799487)	(1.0, 0.0049998000079996795)	(2.0, 0.002999880004799808)	(3.0, 0.0049998000079996795)	(4.0, 0.004499820007199712)	(5.0, 0.002999880004799808)	(6.0, 0.0024999000039998397)	(7.0, 0.0034998600055997763)	(8.0, 0.005499780008799648)	(9.0, 0.003999840006399744)	(10.0, 0.0024999000039998397)	(11.0, 0.0034998600055997763)	(12.0, 0.0034998600055997763)	(13.0, 0.004499820007199712)	(14.0, 0.0049998000079996795)	(15.0, 0.0034998600055997763)	(16.0, 0.0024999000039998397)	(17.0, 0.005499780008799648)	(18.0, 0.012999480020799167)	(19.0, 0.021499140034398626)	(20.0, 0.03199872005119795)	(21.0, 0.040498380064797404)	(22.0, 0.06849726010959561)	(23.0, 0.11899524019039237)	(24.0, 0.16649334026638934)	(25.0, 0.2264909403623855)	(26.0, 0.3219871205151794)	(27.0, 0.4549818007279709)	(28.0, 0.6059757609695613)	(29.0, 0.7774689012439502)	(30.0, 0.9854605815767369)	(31.0, 1.153953841846326)	(32.0, 1.2759489620415183)	(33.0, 1.4469421223151073)	(34.0, 1.704431822727091)	(35.0, 1.8944242230310788)	(36.0, 1.9334226630934763)	(37.0, 2.0494180232790686)	(38.0, 2.1764129434822608)	(39.0, 2.292908283668653)	(40.0, 2.4944002239910406)	(41.0, 2.6078956841726333)	(42.0, 2.630894764209432)	(43.0, 2.686892524299028)	(44.0, 2.8238870445182194)	(45.0, 2.9118835246590136)	(46.0, 2.9443822247110116)	(47.0, 2.879384824607016)	(48.0, 2.7273909043638254)	(49.0, 2.690892364305428)	(50.0, 2.7403903843846247)	(51.0, 2.783388664453422)	(52.0, 2.8238870445182194)	(53.0, 2.8038878444862205)	(54.0, 2.6303947842086317)	(55.0, 2.6563937442502303)	(56.0, 2.736890524379025)	(57.0, 2.763389464421423)	(58.0, 2.844886204551818)	(59.0, 2.9478820847166114)	(60.0, 3.201871925122995)	(61.0, 3.648354065837366)	(62.0, 3.492860285588576)	(63.0, 2.986380544778209)	(64.0, 2.3829046838126473)	(65.0, 1.6204351825926964)	(66.0, 1.328446862125515)	(67.0, 1.1769529218831247)	(68.0, 1.078956841726331)	(69.0, 0.8489660413583457)	(70.0, 0.5809767609295629)	(71.0, 0.45898164073437064)	(72.0, 0.3944842206311748)	(73.0, 0.30398784048638056)	(74.0, 0.2354905803767849)	(75.0, 0.2324907003719851)	(76.0, 0.21499140034398623)	(77.0, 0.19899204031838727)	(78.0, 0.17999280028798847)	(79.0, 0.11349546018159272)	(80.0, 0.05399784008639655)	(81.0, 0.06449742010319587)	(82.0, 0.06849726010959561)	(83.0, 0.04349826006959722)	(84.0, 0.03149874005039798)	(85.0, 0.02799888004479821)	(86.0, 0.03499860005599776)	(87.0, 0.023499060037598496)	(88.0, 0.001999920003199872)	(89.0, 0.000999960001599936)	(90.0, 0.000499980000799968)	(91.0, 0.0)	(92.0, 0.000499980000799968)	(93.0, 0.000499980000799968)	(94.0, 0.0)	(95.0, 0.0)	(96.0, 0.000499980000799968)	(97.0, 0.000999960001599936)	(98.0, 0.000499980000799968)	(99.0, 0.0)	(100.0, 0.0)
SRR16013054_1.trimmed.fastq.gz	(0.0, 0.008459163388740854)	(1.0, 0.0052869771179630334)	(2.0, 0.00317218627077782)	(3.0, 0.0052869771179630334)	(4.0, 0.0037008839825741235)	(5.0, 0.0021147908471852135)	(6.0, 0.0026434885589815167)	(7.0, 0.0026434885589815167)	(8.0, 0.00475827940616673)	(9.0, 0.00475827940616673)	(10.0, 0.00317218627077782)	(11.0, 0.0037008839825741235)	(12.0, 0.00317218627077782)	(13.0, 0.00317218627077782)	(14.0, 0.00475827940616673)	(15.0, 0.00317218627077782)	(16.0, 0.0010573954235926068)	(17.0, 0.00475827940616673)	(18.0, 0.011631349659518673)	(19.0, 0.018504419912870617)	(20.0, 0.029607071860592988)	(21.0, 0.04070972380831536)	(22.0, 0.07190288880429725)	(23.0, 0.12794484625470542)	(24.0, 0.17817112887535422)	(25.0, 0.24161485429091065)	(26.0, 0.3373091401260415)	(27.0, 0.4842871040054138)	(28.0, 0.6497694877976569)	(29.0, 0.8210675464196592)	(30.0, 1.0499936556274585)	(31.0, 1.2434970181449057)	(32.0, 1.366683584993444)	(33.0, 1.542211225309817)	(34.0, 1.7806538933299496)	(35.0, 1.9498371611047667)	(36.0, 1.9857886055069152)	(37.0, 2.1079177769318616)	(38.0, 2.2559531362348264)	(39.0, 2.3590491900351056)	(40.0, 2.5303472486571077)	(41.0, 2.6350293955927757)	(42.0, 2.6482468383876836)	(43.0, 2.6968870278729433)	(44.0, 2.83752061921076)	(45.0, 2.877701645307279)	(46.0, 2.8713572727657235)	(47.0, 2.8317049443810007)	(48.0, 2.6974157255847397)	(49.0, 2.6471894429640908)	(50.0, 2.665165165165165)	(51.0, 2.7460559150699995)	(52.0, 2.8020978725204078)	(53.0, 2.7534576830351476)	(54.0, 2.5837457175485348)	(55.0, 2.574229158736201)	(56.0, 2.658292094911813)	(57.0, 2.6942435393139617)	(58.0, 2.751871589899759)	(59.0, 2.877701645307279)	(60.0, 3.1209025927335787)	(61.0, 3.561307786659899)	(62.0, 3.4338916381169904)	(63.0, 2.913653089709428)	(64.0, 2.325741234191938)	(65.0, 1.601954066742799)	(66.0, 1.3180433955081843)	(67.0, 1.1779385018821638)	(68.0, 1.0748424480818848)	(69.0, 0.8342849892145667)	(70.0, 0.5620056676394705)	(71.0, 0.45573742756841346)	(72.0, 0.3922937021528571)	(73.0, 0.2849680666582075)	(74.0, 0.22099564353085477)	(75.0, 0.217823457260077)	(76.0, 0.2220530389544474)	(77.0, 0.2357991794611513)	(78.0, 0.24743052912066998)	(79.0, 0.17076936091020598)	(80.0, 0.08670642473459375)	(81.0, 0.08300554075201963)	(82.0, 0.08934991329357526)	(83.0, 0.07296028422788986)	(84.0, 0.0475827940616673)	(85.0, 0.03806623524933384)	(86.0, 0.045996700926278396)	(87.0, 0.03383665355496342)	(88.0, 0.007401767965148247)	(89.0, 0.0021147908471852135)	(90.0, 0.0005286977117963034)	(91.0, 0.00158609313538891)	(92.0, 0.0037008839825741235)	(93.0, 0.00317218627077782)	(94.0, 0.0021147908471852135)	(95.0, 0.00158609313538891)	(96.0, 0.0021147908471852135)	(97.0, 0.00158609313538891)	(98.0, 0.0)	(99.0, 0.0)	(100.0, 0.0)
SRR16013054_2.fastq.gz	(0.0, 0.013016335501053822)	(1.0, 0.014017592078057963)	(2.0, 0.018022618386074524)	(3.0, 0.03053832559862628)	(4.0, 0.04255340452267596)	(5.0, 0.0435546610996801)	(6.0, 0.0550691117352277)	(7.0, 0.06508167750526911)	(8.0, 0.06608293408227325)	(9.0, 0.0670841906592774)	(10.0, 0.07309173012130224)	(11.0, 0.08410555246834778)	(12.0, 0.08010052616033121)	(13.0, 0.07909926958332708)	(14.0, 0.0836049241798457)	(15.0, 0.09111434850737676)	(16.0, 0.09111434850737676)	(17.0, 0.10162754256592021)	(18.0, 0.12665895699102372)	(19.0, 0.12816084185652996)	(20.0, 0.13066398329904028)	(21.0, 0.1471847168196086)	(22.0, 0.18022618386074524)	(23.0, 0.23229152586496052)	(24.0, 0.29386880535071513)	(25.0, 0.3749705880880505)	(26.0, 0.506135199675593)	(27.0, 0.6598280842457285)	(28.0, 0.7704669360046859)	(29.0, 0.8816064160521454)	(30.0, 1.0693420242404217)	(31.0, 1.3041366915478925)	(32.0, 1.4648383721570573)	(33.0, 1.5464407831828946)	(34.0, 1.6660909441348892)	(35.0, 1.8157788023970083)	(36.0, 1.956955979754592)	(37.0, 2.0906237327846444)	(38.0, 2.1617129497519385)	(39.0, 2.253327926547817)	(40.0, 2.356957982267746)	(41.0, 2.391501334174389)	(42.0, 2.4620899228531807)	(43.0, 2.5557074128030677)	(44.0, 2.55871118253408)	(45.0, 2.654831813926478)	(46.0, 2.770476948570456)	(47.0, 2.7018908730456723)	(48.0, 2.6172846922888224)	(49.0, 2.5391866792824995)	(50.0, 2.5411891924365078)	(51.0, 2.588248251555702)	(52.0, 2.5672218634386157)	(53.0, 2.6042683567877685)	(54.0, 2.662341238254009)	(55.0, 2.615282179134814)	(56.0, 2.5552067845145654)	(57.0, 2.4806131695277576)	(58.0, 2.441063534736094)	(59.0, 2.691878307275631)	(60.0, 2.907649099620023)	(61.0, 3.15596073071705)	(62.0, 3.1859984280271743)	(63.0, 2.871603862847874)	(64.0, 2.59976270219125)	(65.0, 2.0260426835678778)	(66.0, 1.4468157537709825)	(67.0, 1.1694676819408358)	(68.0, 1.0252867348522396)	(69.0, 0.91414725480478)	(70.0, 0.7078883999419272)	(71.0, 0.4991264036365639)	(72.0, 0.4235315320727513)	(73.0, 0.3629555091640008)	(74.0, 0.30338074283225447)	(75.0, 0.28886252246569444)	(76.0, 0.3098889105827814)	(77.0, 0.2743443020991344)	(78.0, 0.19324251936179906)	(79.0, 0.13466900960705686)	(80.0, 0.11714701950948442)	(81.0, 0.11614576293248026)	(82.0, 0.0921156050843809)	(83.0, 0.07409298669830637)	(84.0, 0.060576022908750485)	(85.0, 0.0550691117352277)	(86.0, 0.041552147945671816)	(87.0, 0.025031414425103506)	(88.0, 0.025031414425103506)	(89.0, 0.028035184156115927)	(90.0, 0.024030157848099365)	(91.0, 0.020525759828584872)	(92.0, 0.020025131540082803)	(93.0, 0.019023874963078665)	(94.0, 0.017021361809070386)	(95.0, 0.015018848655062101)	(96.0, 0.017021361809070386)	(97.0, 0.018022618386074524)	(98.0, 0.018022618386074524)	(99.0, 0.028535812444617996)	(100.0, 0.15118974312762518)
SRR16013054_2.trimmed.fastq.gz	(0.0, 0.013755667599583098)	(1.0, 0.012168475184246587)	(2.0, 0.015342860014919609)	(3.0, 0.028569463476057204)	(4.0, 0.039679810383412784)	(5.0, 0.040208874521858284)	(6.0, 0.04549951590631333)	(7.0, 0.05184828556765937)	(8.0, 0.05184828556765937)	(9.0, 0.05131922142921386)	(10.0, 0.05237734970610487)	(11.0, 0.05713892695211441)	(12.0, 0.05184828556765937)	(13.0, 0.048673900736986346)	(14.0, 0.05290641384455037)	(15.0, 0.05502267039833239)	(16.0, 0.05131922142921386)	(17.0, 0.05502267039833239)	(18.0, 0.06613301730568798)	(19.0, 0.062429568336569444)	(20.0, 0.06348769661346046)	(21.0, 0.08041774904371657)	(22.0, 0.11533598218111982)	(23.0, 0.16136456222587864)	(24.0, 0.21427097607042903)	(25.0, 0.30209562305238263)	(26.0, 0.42536756731018505)	(27.0, 0.5803833598747177)	(28.0, 0.710004073793866)	(29.0, 0.8375085311592324)	(30.0, 1.04490167342987)	(31.0, 1.293032754360811)	(32.0, 1.4771470745398465)	(33.0, 1.5808436456751653)	(34.0, 1.6898308581949388)	(35.0, 1.825271277636988)	(36.0, 1.9797580060630748)	(37.0, 2.123663451720252)	(38.0, 2.237941305624481)	(39.0, 2.3416378767598)	(40.0, 2.4088290223423785)	(41.0, 2.429991587880199)	(42.0, 2.493479284493659)	(43.0, 2.6051118177056605)	(44.0, 2.594001470798305)	(45.0, 2.6479660129197464)	(46.0, 2.7601276102701933)	(47.0, 2.68870395158005)	(48.0, 2.628919703935708)	(49.0, 2.574955161814267)	(50.0, 2.5495600831688825)	(51.0, 2.6125187156438976)	(52.0, 2.5977049197674233)	(53.0, 2.614105908059234)	(54.0, 2.687645823303159)	(55.0, 2.6548438467195377)	(56.0, 2.601408368736542)	(57.0, 2.509351208647024)	(58.0, 2.4643807568791565)	(59.0, 2.765418251654648)	(60.0, 2.99820647257067)	(61.0, 3.2706745038701044)	(62.0, 3.3394528418680194)	(63.0, 2.9939739594631054)	(64.0, 2.6966399136567327)	(65.0, 2.1062043351515505)	(66.0, 1.4967224476623302)	(67.0, 1.2216090956706682)	(68.0, 1.0591864051678985)	(69.0, 0.909461253987821)	(70.0, 0.689899636532937)	(71.0, 0.4893843280620909)	(72.0, 0.39891436038790984)	(73.0, 0.3153222265135202)	(74.0, 0.26188674853052435)	(75.0, 0.24866014506938677)	(76.0, 0.28516557062212655)	(77.0, 0.29045621200658156)	(78.0, 0.24442763196182274)	(79.0, 0.1740621015485707)	(80.0, 0.12380100839624789)	(81.0, 0.10951627665821927)	(82.0, 0.09152809595107216)	(83.0, 0.07406897938237052)	(84.0, 0.04708670832164984)	(85.0, 0.03438916899895775)	(86.0, 0.039150746244967276)	(87.0, 0.030156655891393713)	(88.0, 0.012168475184246587)	(89.0, 0.002645320692227519)	(90.0, 0.0010581282768910075)	(91.0, 0.0015871924153365111)	(92.0, 0.0031743848306730223)	(93.0, 0.0063487696613460445)	(94.0, 0.005290641384455038)	(95.0, 0.0015871924153365111)	(96.0, 0.0005290641384455037)	(97.0, 0.0010581282768910075)	(98.0, 0.0015871924153365111)	(99.0, 0.007406897938237053)	(100.0, 0.039150746244967276)
SRR16013056_1.fastq.gz	(0.0, 0.007999680012799487)	(1.0, 0.0064997400103995835)	(2.0, 0.003999840006399744)	(3.0, 0.005499780008799648)	(4.0, 0.0049998000079996795)	(5.0, 0.004499820007199712)	(6.0, 0.005499780008799648)	(7.0, 0.002999880004799808)	(8.0, 0.003999840006399744)	(9.0, 0.0049998000079996795)	(10.0, 0.002999880004799808)	(11.0, 0.003999840006399744)	(12.0, 0.004499820007199712)	(13.0, 0.002999880004799808)	(14.0, 0.001999920003199872)	(15.0, 0.001499940002399904)	(16.0, 0.001999920003199872)	(17.0, 0.0034998600055997763)	(18.0, 0.010499580016799329)	(19.0, 0.024999000039998397)	(20.0, 0.03699852005919763)	(21.0, 0.051497940082396707)	(22.0, 0.06899724011039558)	(23.0, 0.10049598016079357)	(24.0, 0.15199392024319028)	(25.0, 0.2234910603575857)	(26.0, 0.31198752049918005)	(27.0, 0.4469821207151714)	(28.0, 0.5854765809367626)	(29.0, 0.7634694612215511)	(30.0, 0.9409623615055398)	(31.0, 1.0564577416903325)	(32.0, 1.1869525218991241)	(33.0, 1.327946882124715)	(34.0, 1.4979400823967042)	(35.0, 1.7089316427342909)	(36.0, 1.9149234030638773)	(37.0, 2.02691892324307)	(38.0, 2.1319147234110636)	(39.0, 2.264909403623855)	(40.0, 2.400903963841446)	(41.0, 2.530898764049438)	(42.0, 2.666393344266229)	(43.0, 2.704391824327027)	(44.0, 2.7283908643654255)	(45.0, 2.854885804567817)	(46.0, 2.914383424663013)	(47.0, 2.936882524699012)	(48.0, 2.891884324627015)	(49.0, 2.749890004399824)	(50.0, 2.730890764369425)	(51.0, 2.822887084516619)	(52.0, 2.9103835846566137)	(53.0, 2.8678852845886165)	(54.0, 2.6953921843126274)	(55.0, 2.66339346426143)	(56.0, 2.81038758449662)	(57.0, 2.9013839446422143)	(58.0, 2.893384264629415)	(59.0, 3.042878284868605)	(60.0, 3.3673653053877843)	(61.0, 4.040838366465342)	(62.0, 3.9053437862485505)	(63.0, 3.2878684852605895)	(64.0, 2.7263909443622256)	(65.0, 1.8154273829046836)	(66.0, 1.311447542098316)	(67.0, 1.0689572417103315)	(68.0, 0.9304627814887405)	(69.0, 0.6929722811087556)	(70.0, 0.5134794608215671)	(71.0, 0.4189832406703732)	(72.0, 0.3634854605815767)	(73.0, 0.2939882404703812)	(74.0, 0.15349386024559017)	(75.0, 0.1174953001879925)	(76.0, 0.0969961201551938)	(77.0, 0.07399704011839527)	(78.0, 0.0639974401023959)	(79.0, 0.04099836006559737)	(80.0, 0.023999040038398464)	(81.0, 0.023499060037598496)	(82.0, 0.018999240030398785)	(83.0, 0.008499660013599456)	(84.0, 0.003999840006399744)	(85.0, 0.003999840006399744)	(86.0, 0.0024999000039998397)	(87.0, 0.001499940002399904)	(88.0, 0.000499980000799968)	(89.0, 0.000499980000799968)	(90.0, 0.0)	(91.0, 0.0)	(92.0, 0.0)	(93.0, 0.0)	(94.0, 0.0)	(95.0, 0.0)	(96.0, 0.0)	(97.0, 0.000499980000799968)	(98.0, 0.000499980000799968)	(99.0, 0.0)	(100.0, 0.0)
SRR16013056_1.trimmed.fastq.gz	(0.0, 0.008422293811719623)	(1.0, 0.006316720358789716)	(2.0, 0.003684753542627335)	(3.0, 0.00579032699555724)	(4.0, 0.005263933632324764)	(5.0, 0.0042111469058598115)	(6.0, 0.005263933632324764)	(7.0, 0.002631966816162382)	(8.0, 0.001579180089697429)	(9.0, 0.001579180089697429)	(10.0, 0.0010527867264649529)	(11.0, 0.001579180089697429)	(12.0, 0.001579180089697429)	(13.0, 0.0010527867264649529)	(14.0, 0.0010527867264649529)	(15.0, 0.001579180089697429)	(16.0, 0.001579180089697429)	(17.0, 0.002631966816162382)	(18.0, 0.011054260627882003)	(19.0, 0.027372454888088774)	(20.0, 0.03842671551597078)	(21.0, 0.05158654959678268)	(22.0, 0.07422146421577917)	(23.0, 0.10843703282589012)	(24.0, 0.1605499757859053)	(25.0, 0.23266586654875454)	(26.0, 0.32636388520413534)	(27.0, 0.4621733729181143)	(28.0, 0.6132482681658349)	(29.0, 0.8101193860147812)	(30.0, 0.992251489693218)	(31.0, 1.1185858968690123)	(32.0, 1.256500958035921)	(33.0, 1.4091550333733394)	(34.0, 1.5870759901459162)	(35.0, 1.7881582549007222)	(36.0, 1.9681847851262293)	(37.0, 2.073989851135957)	(38.0, 2.180321310508917)	(39.0, 2.316130798222896)	(40.0, 2.458783399658897)	(41.0, 2.5698523993009497)	(42.0, 2.683026972395932)	(43.0, 2.7619859768808035)	(44.0, 2.7930431853115194)	(45.0, 2.853052028720022)	(46.0, 2.89516349777862)	(47.0, 2.912534478765292)	(48.0, 2.827785147284863)	(49.0, 2.6772366454003746)	(50.0, 2.695134019750279)	(51.0, 2.7956751521276817)	(52.0, 2.8683174362537636)	(53.0, 2.810414166298191)	(54.0, 2.645126650243194)	(55.0, 2.614069441812478)	(56.0, 2.749352536163224)	(57.0, 2.8225212136525384)	(58.0, 2.823047607015771)	(59.0, 2.9941254500663255)	(60.0, 3.2625860653148884)	(61.0, 3.915313835723159)	(62.0, 3.8658328595793066)	(63.0, 3.2704819657633757)	(64.0, 2.6714463184048176)	(65.0, 1.7739456340934454)	(66.0, 1.295980460278357)	(67.0, 1.059629840186975)	(68.0, 0.9290842861053208)	(69.0, 0.7022087465521235)	(70.0, 0.5084959888825722)	(71.0, 0.4137451835007264)	(72.0, 0.3742656812582907)	(73.0, 0.3042553639483713)	(74.0, 0.1579180089697429)	(75.0, 0.12475522708609689)	(76.0, 0.11054260627882002)	(77.0, 0.08211736466426632)	(78.0, 0.07001031730991936)	(79.0, 0.04948097614385278)	(80.0, 0.027898848251321245)	(81.0, 0.027372454888088774)	(82.0, 0.032636388520413534)	(83.0, 0.022108521255764006)	(84.0, 0.009475080538184574)	(85.0, 0.009475080538184574)	(86.0, 0.00579032699555724)	(87.0, 0.003158360179394858)	(88.0, 0.002631966816162382)	(89.0, 0.002631966816162382)	(90.0, 0.0010527867264649529)	(91.0, 0.0)	(92.0, 0.0)	(93.0, 0.0)	(94.0, 0.0)	(95.0, 0.0)	(96.0, 0.0)	(97.0, 0.0)	(98.0, 0.0)	(99.0, 0.0)	(100.0, 0.0)
SRR16013056_2.fastq.gz	(0.0, 0.017019572508384644)	(1.0, 0.01501726986033939)	(2.0, 0.023026480452520398)	(3.0, 0.031035691044701406)	(4.0, 0.03303799369274666)	(5.0, 0.04405065825699554)	(6.0, 0.054062171497221805)	(7.0, 0.05556389848325574)	(8.0, 0.05956850377934625)	(9.0, 0.06207138208940281)	(10.0, 0.06407368473744807)	(11.0, 0.07558692496370827)	(12.0, 0.07408519797767434)	(13.0, 0.06857886569554988)	(14.0, 0.07658807628773089)	(15.0, 0.09360764879611554)	(16.0, 0.10161685938829654)	(17.0, 0.09560995144416079)	(18.0, 0.10462031336036441)	(19.0, 0.11563297792461331)	(20.0, 0.12214046153076039)	(21.0, 0.15317615257546177)	(22.0, 0.19472393252240075)	(23.0, 0.23627171246933973)	(24.0, 0.28282524903639183)	(25.0, 0.37092656555038295)	(26.0, 0.4865595434749962)	(27.0, 0.6026930970616209)	(28.0, 0.7403514041147319)	(29.0, 0.8584872603494019)	(30.0, 0.9596035440756872)	(31.0, 1.0902537918606399)	(32.0, 1.232917855533864)	(33.0, 1.4021124292936877)	(34.0, 1.519247134204335)	(35.0, 1.6513991089753217)	(36.0, 1.874155278570356)	(37.0, 2.039345247034089)	(38.0, 2.1519747709866346)	(39.0, 2.251589327726886)	(40.0, 2.3356860389447864)	(41.0, 2.4247885067828006)	(42.0, 2.5384191820593682)	(43.0, 2.6330279821795064)	(44.0, 2.6660659758722534)	(45.0, 2.7481603844421088)	(46.0, 2.817740401461681)	(47.0, 2.7421534764979727)	(48.0, 2.710116634129249)	(49.0, 2.687090153676728)	(50.0, 2.5934825048806127)	(51.0, 2.5784652350202735)	(52.0, 2.6570556139560493)	(53.0, 2.6585573409420835)	(54.0, 2.706112028833158)	(55.0, 2.664063673224208)	(56.0, 2.510386944986735)	(57.0, 2.470841467687841)	(58.0, 2.4953696751263954)	(59.0, 2.740651749511939)	(60.0, 3.109075436752265)	(61.0, 3.660709816288732)	(62.0, 3.7503128597887567)	(63.0, 3.3027982179506434)	(64.0, 2.9378785603443958)	(65.0, 2.269109475897282)	(66.0, 1.556289733193172)	(67.0, 1.1373079040897032)	(68.0, 0.90353906993042)	(69.0, 0.7348450718326075)	(70.0, 0.5175952345196976)	(71.0, 0.3764328978325074)	(72.0, 0.34039145016769284)	(73.0, 0.2803223707263353)	(74.0, 0.1997296891425139)	(75.0, 0.15317615257546177)	(76.0, 0.11062722130450017)	(77.0, 0.08910246783801372)	(78.0, 0.0775892276117535)	(79.0, 0.05956850377934625)	(80.0, 0.05205986884917655)	(81.0, 0.03954547729889373)	(82.0, 0.030535115382690096)	(83.0, 0.03253741803073534)	(84.0, 0.030535115382690096)	(85.0, 0.02352705611453171)	(86.0, 0.01651899684637333)	(87.0, 0.014516694198328078)	(88.0, 0.01501726986033939)	(89.0, 0.014516694198328078)	(90.0, 0.014516694198328078)	(91.0, 0.013515542874305451)	(92.0, 0.012013815888271513)	(93.0, 0.010512088902237574)	(94.0, 0.012514391550282826)	(95.0, 0.013515542874305451)	(96.0, 0.017019572508384644)	(97.0, 0.018020723832407267)	(98.0, 0.018521299494418584)	(99.0, 0.029533964058667466)	(100.0, 0.14116233668719028)
SRR16013056_2.trimmed.fastq.gz	(0.0, 0.015797206000831985)	(1.0, 0.014744058934109853)	(2.0, 0.02369580900124798)	(3.0, 0.030541264934941838)	(4.0, 0.031067838468302907)	(5.0, 0.041072735602163166)	(6.0, 0.04949791213594022)	(7.0, 0.047918191535857024)	(8.0, 0.04475875033569063)	(9.0, 0.04686504446913489)	(10.0, 0.04949791213594022)	(11.0, 0.05634336806963409)	(12.0, 0.05265735333610662)	(13.0, 0.04686504446913489)	(14.0, 0.05476364746955088)	(15.0, 0.06055595633652261)	(16.0, 0.062135676936605815)	(17.0, 0.054237073936189824)	(18.0, 0.05686994160299515)	(19.0, 0.07161400053710501)	(20.0, 0.07845945647079886)	(21.0, 0.09636295660507511)	(22.0, 0.13216995687362762)	(23.0, 0.1716629718757076)	(24.0, 0.21062941334442647)	(25.0, 0.29382803161547494)	(26.0, 0.4091476354215484)	(27.0, 0.5181483568272891)	(28.0, 0.6645357991016655)	(29.0, 0.8046043589757091)	(30.0, 0.9125519333147277)	(31.0, 1.0552533608555767)	(32.0, 1.2190177297308682)	(33.0, 1.4054247605406858)	(34.0, 1.5339087026807858)	(35.0, 1.6824024390886065)	(36.0, 1.9030367495668932)	(37.0, 2.0604822360418518)	(38.0, 2.1499997367132333)	(39.0, 2.2621598993191405)	(40.0, 2.3832718119921856)	(41.0, 2.465417283196512)	(42.0, 2.557567651534699)	(43.0, 2.674993549474216)	(44.0, 2.7292306234104062)	(45.0, 2.767143917812403)	(46.0, 2.8419173595496745)	(47.0, 2.776095667879541)	(48.0, 2.704481667342436)	(49.0, 2.666041799407078)	(50.0, 2.6023264018703895)	(51.0, 2.5975872400701396)	(52.0, 2.681312431874549)	(53.0, 2.7081676820759637)	(54.0, 2.753453005945015)	(55.0, 2.6965830643420197)	(56.0, 2.539664151400422)	(57.0, 2.512808901199008)	(58.0, 2.545456460267394)	(59.0, 2.816115256414982)	(60.0, 3.195774773968311)	(61.0, 3.759208454664652)	(62.0, 3.911914779339361)	(63.0, 3.483283923183453)	(64.0, 3.0678174053615717)	(65.0, 2.3348270469229675)	(66.0, 1.5949912325506694)	(67.0, 1.1663603763947616)	(68.0, 0.9262428451821155)	(69.0, 0.7572127409732132)	(70.0, 0.5197280774273724)	(71.0, 0.35964972328560824)	(72.0, 0.32331614948369464)	(73.0, 0.27592453148119866)	(74.0, 0.19114619261006702)	(75.0, 0.13796226574059933)	(76.0, 0.10373498607213004)	(77.0, 0.08372519180440953)	(78.0, 0.07161400053710501)	(79.0, 0.05002448566930129)	(80.0, 0.03686014733527464)	(81.0, 0.02790839726813651)	(82.0, 0.025802103134692243)	(83.0, 0.02106294133444265)	(84.0, 0.01105804420058239)	(85.0, 0.010531470667221324)	(86.0, 0.007898603000415992)	(87.0, 0.004212588266888529)	(88.0, 0.0021062941334442646)	(89.0, 0.0015797206000831988)	(90.0, 0.0010531470667221323)	(91.0, 0.0010531470667221323)	(92.0, 0.0005265735333610662)	(93.0, 0.0)	(94.0, 0.0)	(95.0, 0.0)	(96.0, 0.0)	(97.0, 0.0005265735333610662)	(98.0, 0.0010531470667221323)	(99.0, 0.006318882400332795)	(100.0, 0.031067838468302907)
SRR16013070_1.fastq.gz	(0.0, 0.003999920001599968)	(1.0, 0.003999920001599968)	(2.0, 0.003499930001399972)	(3.0, 0.003999920001599968)	(4.0, 0.004499910001799964)	(5.0, 0.00499990000199996)	(6.0, 0.006999860002799944)	(7.0, 0.006499870002599948)	(8.0, 0.002999940001199976)	(9.0, 0.000999980000399992)	(10.0, 0.00499990000199996)	(11.0, 0.006999860002799944)	(12.0, 0.003499930001399972)	(13.0, 0.002999940001199976)	(14.0, 0.003999920001599968)	(15.0, 0.005499890002199956)	(16.0, 0.00999980000399992)	(17.0, 0.010499790004199917)	(18.0, 0.011999760004799903)	(19.0, 0.015499690006199877)	(20.0, 0.024499510009799805)	(21.0, 0.03999920001599968)	(22.0, 0.0629987400251995)	(23.0, 0.10099798004039919)	(24.0, 0.15499690006199876)	(25.0, 0.23799524009519812)	(26.0, 0.3369932601347973)	(27.0, 0.4344913101737965)	(28.0, 0.5524889502209955)	(29.0, 0.7124857502849943)	(30.0, 0.861982760344793)	(31.0, 0.9954800903981921)	(32.0, 1.1589768204635909)	(33.0, 1.3669726605467891)	(34.0, 1.499970000599988)	(35.0, 1.5779684406311876)	(36.0, 1.7674646507069858)	(37.0, 1.9434611307773846)	(38.0, 2.0689586208275834)	(39.0, 2.1604567908641825)	(40.0, 2.333953320933581)	(41.0, 2.4289514209715803)	(42.0, 2.4364512709745805)	(43.0, 2.5874482510349797)	(44.0, 2.7144457110857783)	(45.0, 2.7344453110937783)	(46.0, 2.7849443011139776)	(47.0, 2.774944501109978)	(48.0, 2.6889462210755783)	(49.0, 2.6489470210595787)	(50.0, 2.640447191056179)	(51.0, 2.6784464310713787)	(52.0, 2.7059458810823784)	(53.0, 2.6969460610787785)	(54.0, 2.650446991060179)	(55.0, 2.6834463310733785)	(56.0, 2.764444711105778)	(57.0, 2.7414451710965784)	(58.0, 2.7954440911181777)	(59.0, 3.201435971280574)	(60.0, 3.894422111557769)	(61.0, 4.871902561948762)	(62.0, 4.647407051858963)	(63.0, 3.78092438151237)	(64.0, 3.0124397512049756)	(65.0, 1.8609627807443851)	(66.0, 1.2784744305113898)	(67.0, 1.0379792404151917)	(68.0, 0.9059818803623927)	(69.0, 0.7204855902881943)	(70.0, 0.498490030199396)	(71.0, 0.37199256014879706)	(72.0, 0.34549309013819723)	(73.0, 0.2739945201095978)	(74.0, 0.14699706005879884)	(75.0, 0.10699786004279915)	(76.0, 0.08949821003579929)	(77.0, 0.07099858002839944)	(78.0, 0.06349873002539949)	(79.0, 0.05299894002119957)	(80.0, 0.024499510009799805)	(81.0, 0.016499670006599867)	(82.0, 0.016499670006599867)	(83.0, 0.010499790004199917)	(84.0, 0.007999840003199936)	(85.0, 0.00999980000399992)	(86.0, 0.0074998500029999395)	(87.0, 0.003499930001399972)	(88.0, 0.0)	(89.0, 0.0)	(90.0, 0.0)	(91.0, 0.0)	(92.0, 0.0)	(93.0, 0.0)	(94.0, 0.0)	(95.0, 0.0)	(96.0, 0.0)	(97.0, 0.0)	(98.0, 0.000499990000199996)	(99.0, 0.000499990000199996)	(100.0, 0.0)
SRR16013070_1.trimmed.fastq.gz	(0.0, 0.004320727610529613)	(1.0, 0.004860818561845815)	(2.0, 0.004860818561845815)	(3.0, 0.005400909513162016)	(4.0, 0.005400909513162016)	(5.0, 0.004320727610529613)	(6.0, 0.005941000464478218)	(7.0, 0.005941000464478218)	(8.0, 0.002700454756581008)	(9.0, 0.0010801819026324032)	(10.0, 0.004320727610529613)	(11.0, 0.005941000464478218)	(12.0, 0.0032405457078972097)	(13.0, 0.0016202728539486048)	(14.0, 0.0016202728539486048)	(15.0, 0.004860818561845815)	(16.0, 0.00972163712369163)	(17.0, 0.009181546172375429)	(18.0, 0.0075612733184268225)	(19.0, 0.01350227378290504)	(20.0, 0.028624820419758685)	(21.0, 0.044827548959244734)	(22.0, 0.061570368450046986)	(23.0, 0.10315737170139452)	(24.0, 0.1658079220540739)	(25.0, 0.24520129189755552)	(26.0, 0.3532194821607959)	(27.0, 0.4741998552556251)	(28.0, 0.6038216835715134)	(29.0, 0.7577476046966309)	(30.0, 0.9224753448480724)	(31.0, 1.0726206293139764)	(32.0, 1.231947459952256)	(33.0, 1.4263802024260885)	(34.0, 1.5754453049893602)	(35.0, 1.6645603119565335)	(36.0, 1.8352290525724533)	(37.0, 1.9988766108212626)	(38.0, 2.122017347721356)	(39.0, 2.227875174179332)	(40.0, 2.3904425505255085)	(41.0, 2.4763170117847846)	(42.0, 2.5076422869611243)	(43.0, 2.642665024790175)	(44.0, 2.7312399408060317)	(45.0, 2.7312399408060317)	(46.0, 2.740961577929723)	(47.0, 2.750683215053415)	(48.0, 2.6928934832625813)	(49.0, 2.6005379305875107)	(50.0, 2.579474383486179)	(51.0, 2.660488026183609)	(52.0, 2.681551573284941)	(53.0, 2.656707389524396)	(54.0, 2.5864955658532898)	(55.0, 2.6194411138835783)	(56.0, 2.7193579398770753)	(57.0, 2.670209663307301)	(58.0, 2.723138576536289)	(59.0, 3.120645516705013)	(60.0, 3.7962992968015814)	(61.0, 4.745239098264148)	(62.0, 4.53730408200741)	(63.0, 3.7120451083962536)	(64.0, 2.944035775624615)	(65.0, 1.821186687838232)	(66.0, 1.2708340084470224)	(67.0, 1.0353543536731586)	(68.0, 0.8987113429901595)	(69.0, 0.7226416928610778)	(70.0, 0.5179472223122374)	(71.0, 0.3872452120937166)	(72.0, 0.35105911835553105)	(73.0, 0.27598647612257904)	(74.0, 0.14690473875800686)	(75.0, 0.11071864501982134)	(76.0, 0.08749473411322467)	(77.0, 0.06697127796320901)	(78.0, 0.0685915508171576)	(79.0, 0.057789731790833576)	(80.0, 0.024304092809229075)	(81.0, 0.019983365198699463)	(82.0, 0.02970500232239109)	(83.0, 0.022143729003964267)	(84.0, 0.012962182831588839)	(85.0, 0.012962182831588839)	(86.0, 0.010261728075007833)	(87.0, 0.006481091415794419)	(88.0, 0.0016202728539486048)	(89.0, 0.0010801819026324032)	(90.0, 0.0)	(91.0, 0.0)	(92.0, 0.0)	(93.0, 0.0)	(94.0, 0.0)	(95.0, 0.0)	(96.0, 0.0)	(97.0, 0.0)	(98.0, 0.0)	(99.0, 0.0)	(100.0, 0.0)
SRR16013070_2.fastq.gz	(0.0, 0.01902673255924574)	(1.0, 0.022531656978054166)	(2.0, 0.029040802327269813)	(3.0, 0.033547133722880644)	(4.0, 0.04155838953729991)	(5.0, 0.05207316279372519)	(6.0, 0.06559215698055768)	(7.0, 0.07460481977177935)	(8.0, 0.07410411628337815)	(9.0, 0.0821153720977974)	(10.0, 0.0956343662846299)	(11.0, 0.10114210465704315)	(12.0, 0.09913929070343834)	(13.0, 0.10014069768024074)	(14.0, 0.1096540639598636)	(15.0, 0.1231730581466961)	(16.0, 0.13769345931033103)	(17.0, 0.13769345931033103)	(18.0, 0.14169908721754065)	(19.0, 0.1497103430319599)	(20.0, 0.16222793024199)	(21.0, 0.189265918615655)	(22.0, 0.22331375582693683)	(23.0, 0.272883401178656)	(24.0, 0.3404783721128185)	(25.0, 0.42459655816422076)	(26.0, 0.5182281104952459)	(27.0, 0.6569229767823792)	(28.0, 0.7685798546958477)	(29.0, 0.8702226628412919)	(30.0, 0.9873872791271736)	(31.0, 1.133091994251924)	(32.0, 1.2552636454218176)	(33.0, 1.361913488451274)	(34.0, 1.511623831483234)	(35.0, 1.6152694535822834)	(36.0, 1.7549657268462189)	(37.0, 1.9943019943019942)	(38.0, 2.119477866402295)	(39.0, 2.1520235931483738)	(40.0, 2.226628412920153)	(41.0, 2.3167550408323696)	(42.0, 2.4153936280474064)	(43.0, 2.441430209444269)	(44.0, 2.4764794536323533)	(45.0, 2.5605976396837558)	(46.0, 2.5891377385226244)	(47.0, 2.5400687966593063)	(48.0, 2.55008286642733)	(49.0, 2.54157090712451)	(50.0, 2.4564513140963053)	(51.0, 2.4454358373514786)	(52.0, 2.5060209594480245)	(53.0, 2.5726145234053845)	(54.0, 2.613171505965882)	(55.0, 2.567106785032971)	(56.0, 2.4714724187483417)	(57.0, 2.396366895488161)	(58.0, 2.463461162933922)	(59.0, 2.8620211397012802)	(60.0, 3.3637260350792864)	(61.0, 4.063208808375768)	(62.0, 4.1463255874503675)	(63.0, 3.529458889740085)	(64.0, 3.1909833315808713)	(65.0, 2.4839900059583715)	(66.0, 1.5611934768349531)	(67.0, 1.1250807384375048)	(68.0, 0.8867458779585318)	(69.0, 0.6594264942243853)	(70.0, 0.48367956979556276)	(71.0, 0.356500883741657)	(72.0, 0.34198048257802216)	(73.0, 0.2964164651335126)	(74.0, 0.2158032035009188)	(75.0, 0.16072581977678638)	(76.0, 0.12617727907710333)	(77.0, 0.1096540639598636)	(78.0, 0.08361748256300101)	(79.0, 0.07260200581817453)	(80.0, 0.060585122096545645)	(81.0, 0.049068941863317964)	(82.0, 0.0410576860488987)	(83.0, 0.03855416860689269)	(84.0, 0.03655135465328787)	(85.0, 0.028039395350467407)	(86.0, 0.023533063954856572)	(87.0, 0.024534470931658982)	(88.0, 0.026036581396862594)	(89.0, 0.025535877908461388)	(90.0, 0.02153025000125176)	(91.0, 0.017023918605640925)	(92.0, 0.01752462209404213)	(93.0, 0.016523215117239722)	(94.0, 0.013018290698431297)	(95.0, 0.016523215117239722)	(96.0, 0.01802532558244333)	(97.0, 0.02052884302444935)	(98.0, 0.02954150581567102)	(99.0, 0.03554994767648546)	(100.0, 0.16923777907960685)
SRR16013070_2.trimmed.fastq.gz	(0.0, 0.021611691925331605)	(1.0, 0.024853445714131343)	(2.0, 0.030256368695464247)	(3.0, 0.03403841478239728)	(4.0, 0.03998163006186347)	(5.0, 0.04646513763946295)	(6.0, 0.05835156819839533)	(7.0, 0.06645595267039468)	(8.0, 0.05727098360212875)	(9.0, 0.06105302968906179)	(10.0, 0.07564092173866062)	(11.0, 0.08428559850879326)	(12.0, 0.07834238322932706)	(13.0, 0.07023799875732771)	(14.0, 0.07672150633492719)	(15.0, 0.07347975254612746)	(16.0, 0.070778291055461)	(17.0, 0.0713185833535943)	(18.0, 0.07347975254612746)	(19.0, 0.0815841370181268)	(20.0, 0.08860793689385958)	(21.0, 0.10211524434719182)	(22.0, 0.12967015155198963)	(23.0, 0.16695032012318664)	(24.0, 0.2463732879487803)	(25.0, 0.33660210173703975)	(26.0, 0.40197746981116783)	(27.0, 0.5300267444687576)	(28.0, 0.657535726828214)	(29.0, 0.7845044168895372)	(30.0, 0.9320042142799254)	(31.0, 1.0849069346516467)	(32.0, 1.221600886079369)	(33.0, 1.3247967150228273)	(34.0, 1.4717562201150824)	(35.0, 1.605208417754005)	(36.0, 1.7500067536537267)	(37.0, 1.987195072534241)	(38.0, 2.1422589620984955)	(39.0, 2.1968284842099575)	(40.0, 2.260582975389686)	(41.0, 2.3562147121592782)	(42.0, 2.4810222330280682)	(43.0, 2.4988518788664664)	(44.0, 2.507496555636599)	(45.0, 2.577734554393927)	(46.0, 2.577734554393927)	(47.0, 2.563146662344328)	(48.0, 2.6063700461949915)	(49.0, 2.5788151389901937)	(50.0, 2.4950698327795338)	(51.0, 2.4912877866926006)	(52.0, 2.535051462841397)	(53.0, 2.6025880001080584)	(54.0, 2.653915768430721)	(55.0, 2.635005537996056)	(56.0, 2.5447767242077965)	(57.0, 2.45670907961207)	(58.0, 2.5355917551395306)	(59.0, 2.9472944863170976)	(60.0, 3.5281087068103845)	(61.0, 4.324499554258853)	(62.0, 4.4136477834508465)	(63.0, 3.785828133019964)	(64.0, 3.418429370289326)	(65.0, 2.6209579382445902)	(66.0, 1.634924494151336)	(67.0, 1.1648701947753735)	(68.0, 0.9168760299321933)	(69.0, 0.6845503417348786)	(70.0, 0.4986897911770267)	(71.0, 0.35551233217170486)	(72.0, 0.31499040981170817)	(73.0, 0.26420293378717885)	(74.0, 0.1853202582597185)	(75.0, 0.12858956695572304)	(76.0, 0.09401085987519248)	(77.0, 0.07888267552746035)	(78.0, 0.06105302968906179)	(79.0, 0.04646513763946295)	(80.0, 0.03133695329173082)	(81.0, 0.025934030310397926)	(82.0, 0.029716076397330957)	(83.0, 0.021611691925331605)	(84.0, 0.010265553664532513)	(85.0, 0.010805845962665803)	(86.0, 0.009725261366399222)	(87.0, 0.005402922981332901)	(88.0, 0.00216116919253316)	(89.0, 0.00216116919253316)	(90.0, 0.00108058459626658)	(91.0, 0.00108058459626658)	(92.0, 0.00054029229813329)	(93.0, 0.0)	(94.0, 0.0)	(95.0, 0.00054029229813329)	(96.0, 0.00108058459626658)	(97.0, 0.0027014614906664507)	(98.0, 0.005402922981332901)	(99.0, 0.009184969068265932)	(100.0, 0.04646513763946295)
SRR16013072_1.fastq.gz	(0.0, 0.034993876071687455)	(1.0, 0.022995975704251756)	(2.0, 0.012997725398055339)	(3.0, 0.010498162821506236)	(4.0, 0.007998600244957133)	(5.0, 0.008998425275576774)	(6.0, 0.008998425275576774)	(7.0, 0.005998950183717849)	(8.0, 0.006498862699027669)	(9.0, 0.008998425275576774)	(10.0, 0.007498687729647312)	(11.0, 0.005998950183717849)	(12.0, 0.003999300122478566)	(13.0, 0.002499562576549104)	(14.0, 0.002499562576549104)	(15.0, 0.004999125153098208)	(16.0, 0.005499037668408029)	(17.0, 0.008498512760266953)	(18.0, 0.014497462943984803)	(19.0, 0.01999650061239283)	(20.0, 0.027495188342040146)	(21.0, 0.04299247631664459)	(22.0, 0.06698827705151598)	(23.0, 0.10498162821506236)	(24.0, 0.16347139250631137)	(25.0, 0.23345914464968628)	(26.0, 0.3369410353188192)	(27.0, 0.43292423825830484)	(28.0, 0.5149098907691154)	(29.0, 0.6548853950558652)	(30.0, 0.8328542505061614)	(31.0, 0.9708301047316719)	(32.0, 1.054815407303722)	(33.0, 1.1283025470542656)	(34.0, 1.3037718399280127)	(35.0, 1.486239908016097)	(36.0, 1.7087009773289676)	(37.0, 1.8916689579323618)	(38.0, 1.9206638838203314)	(39.0, 2.0151473492138874)	(40.0, 2.166620841352763)	(41.0, 2.28709975754243)	(42.0, 2.348089084410228)	(43.0, 2.3925812982728023)	(44.0, 2.5390556652585796)	(45.0, 2.6420376434124027)	(46.0, 2.681030819606569)	(47.0, 2.618041842677531)	(48.0, 2.4725673007223734)	(49.0, 2.381583222935986)	(50.0, 2.3245931961906665)	(51.0, 2.4775664258754717)	(52.0, 2.6370385182593044)	(53.0, 2.6175419301622216)	(54.0, 2.5065613517634415)	(55.0, 2.42707526182918)	(56.0, 2.440572899742545)	(57.0, 2.8570000249956258)	(58.0, 3.146449371360012)	(59.0, 3.3499137650911086)	(60.0, 4.2147624165770985)	(61.0, 5.605019121653711)	(62.0, 5.4305496538105835)	(63.0, 4.4352238358287295)	(64.0, 3.4888894443472394)	(65.0, 1.905666508361037)	(66.0, 1.213287674656935)	(67.0, 1.082310595645762)	(68.0, 0.9663308920938837)	(69.0, 0.7393706101432249)	(70.0, 0.5259079661059315)	(71.0, 0.39343114954882896)	(72.0, 0.35043867323218436)	(73.0, 0.28594995875721746)	(74.0, 0.178468767965606)	(75.0, 0.16697078011348013)	(76.0, 0.13897567925613016)	(77.0, 0.11248031594470967)	(78.0, 0.09948259054665433)	(79.0, 0.07098757717399455)	(80.0, 0.03299422601044817)	(81.0, 0.03949308870947584)	(82.0, 0.04549203889319369)	(83.0, 0.022995975704251756)	(84.0, 0.009998250306196416)	(85.0, 0.010498162821506236)	(86.0, 0.01249781288274552)	(87.0, 0.007498687729647312)	(88.0, 0.0004999125153098208)	(89.0, 0.0004999125153098208)	(90.0, 0.0)	(91.0, 0.0)	(92.0, 0.0)	(93.0, 0.0004999125153098208)	(94.0, 0.0004999125153098208)	(95.0, 0.0)	(96.0, 0.0004999125153098208)	(97.0, 0.0004999125153098208)	(98.0, 0.0004999125153098208)	(99.0, 0.0004999125153098208)	(100.0, 0.0)
SRR16013072_1.trimmed.fastq.gz	(0.0, 0.037278260915873614)	(1.0, 0.02343204971854913)	(2.0, 0.010650931690249605)	(3.0, 0.008520745352199684)	(4.0, 0.0063905590141497635)	(5.0, 0.0063905590141497635)	(6.0, 0.006923105598662243)	(7.0, 0.0058580124296372825)	(8.0, 0.004260372676099842)	(9.0, 0.0063905590141497635)	(10.0, 0.0058580124296372825)	(11.0, 0.0031952795070748817)	(12.0, 0.0031952795070748817)	(13.0, 0.002130186338049921)	(14.0, 0.0015976397535374409)	(15.0, 0.0037278260915873614)	(16.0, 0.0037278260915873614)	(17.0, 0.006923105598662243)	(18.0, 0.012781118028299527)	(19.0, 0.018639130457936807)	(20.0, 0.02609478264111153)	(21.0, 0.04100608700746097)	(22.0, 0.06976360257113491)	(23.0, 0.11236732933213334)	(24.0, 0.17680546605814343)	(25.0, 0.24710161521379082)	(26.0, 0.3520132923627494)	(27.0, 0.4611853421878078)	(28.0, 0.5730201249354288)	(29.0, 0.7093520505706237)	(30.0, 0.864855653248268)	(31.0, 1.036868200045799)	(32.0, 1.1582888213146445)	(33.0, 1.224324597794192)	(34.0, 1.3697098153660991)	(35.0, 1.5837935423401162)	(36.0, 1.803202735159258)	(37.0, 1.948587952731165)	(38.0, 1.9794756546328889)	(39.0, 2.0811920522747727)	(40.0, 2.204742859881668)	(41.0, 2.3144474562912394)	(42.0, 2.418294040271173)	(43.0, 2.508294413053782)	(44.0, 2.6387683262593398)	(45.0, 2.639300872843852)	(46.0, 2.5956320529138286)	(47.0, 2.516282611821469)	(48.0, 2.4204242266092226)	(49.0, 2.3314889469956386)	(50.0, 2.2574649717484037)	(51.0, 2.442791183158747)	(52.0, 2.620661742385915)	(53.0, 2.5908391336532164)	(54.0, 2.4624954067857088)	(55.0, 2.3469327979465002)	(56.0, 2.352258263791625)	(57.0, 2.7809582643241715)	(58.0, 3.0365806248901626)	(59.0, 3.2778242276743157)	(60.0, 4.162916651134058)	(61.0, 5.477774168295372)	(62.0, 5.273276279842579)	(63.0, 4.321615533318777)	(64.0, 3.4290674576758597)	(65.0, 1.8724337911458804)	(66.0, 1.2051529207517426)	(67.0, 1.078939380222285)	(68.0, 0.9633767713830766)	(69.0, 0.7381095661342976)	(70.0, 0.5192329198996681)	(71.0, 0.38982409986313554)	(72.0, 0.349350559440187)	(73.0, 0.27905441028453964)	(74.0, 0.16349180144533143)	(75.0, 0.15550360267764424)	(76.0, 0.13579937905068246)	(77.0, 0.13153900637458263)	(78.0, 0.14165739148031972)	(79.0, 0.10224894422639622)	(80.0, 0.05644993795832291)	(81.0, 0.06390559014149763)	(82.0, 0.07349142866272228)	(83.0, 0.05272211186673554)	(84.0, 0.028224968979161456)	(85.0, 0.02236695654952417)	(86.0, 0.018639130457936807)	(87.0, 0.011183478274762085)	(88.0, 0.006923105598662243)	(89.0, 0.007988198767687204)	(90.0, 0.0063905590141497635)	(91.0, 0.0037278260915873614)	(92.0, 0.0015976397535374409)	(93.0, 0.0010650931690249605)	(94.0, 0.0010650931690249605)	(95.0, 0.0005325465845124803)	(96.0, 0.0)	(97.0, 0.0)	(98.0, 0.0)	(99.0, 0.0)	(100.0, 0.0)
SRR16013072_2.fastq.gz	(0.0, 0.033046761167051374)	(1.0, 0.02954180164933381)	(2.0, 0.02954180164933381)	(3.0, 0.039055263197424354)	(4.0, 0.04606518223285949)	(5.0, 0.0540765182733568)	(6.0, 0.06258856281638518)	(7.0, 0.06859706484675816)	(8.0, 0.07660840088725547)	(9.0, 0.08461973692775278)	(10.0, 0.08512044543028385)	(11.0, 0.09363248997331224)	(12.0, 0.10665091103912036)	(13.0, 0.10514878553152711)	(14.0, 0.09813886649609198)	(15.0, 0.09863957499862307)	(16.0, 0.10665091103912036)	(17.0, 0.10715161954165144)	(18.0, 0.12017004060745956)	(19.0, 0.13418987867832985)	(20.0, 0.15321680177451094)	(21.0, 0.15922530380488392)	(22.0, 0.17675010139347178)	(23.0, 0.2433443322301056)	(24.0, 0.30242793552877323)	(25.0, 0.343986741238853)	(26.0, 0.4246008101463571)	(27.0, 0.559291397327218)	(28.0, 0.6949834015131411)	(29.0, 0.8151534421206006)	(30.0, 0.9258100211799696)	(31.0, 1.0394708512545252)	(32.0, 1.160141600364516)	(33.0, 1.3188661956668686)	(34.0, 1.431525608736362)	(35.0, 1.5506942323387594)	(36.0, 1.7549833013714404)	(37.0, 1.8391023297966622)	(38.0, 1.8991873501003922)	(39.0, 2.0564098198951517)	(40.0, 2.1961074921013237)	(41.0, 2.249683301872149)	(42.0, 2.238667714816465)	(43.0, 2.250684718877211)	(44.0, 2.3333016217948397)	(45.0, 2.415918524712468)	(46.0, 2.520065893238933)	(47.0, 2.5661310754717928)	(48.0, 2.5010389701427522)	(49.0, 2.3363058728100263)	(50.0, 2.193603949588668)	(51.0, 2.2266507107557194)	(52.0, 2.2707130589784548)	(53.0, 2.3803682210327612)	(54.0, 2.559621864938889)	(55.0, 2.518063059228809)	(56.0, 2.3433157918454612)	(57.0, 2.2967499011100707)	(58.0, 2.542597775852832)	(59.0, 3.1199146792711687)	(60.0, 3.6887195381464775)	(61.0, 4.825828547394563)	(62.0, 5.086697677213257)	(63.0, 4.076267919105534)	(64.0, 3.5470190319301813)	(65.0, 2.643240184861579)	(66.0, 1.517647471171708)	(67.0, 1.0800282399595427)	(68.0, 0.9373263167381846)	(69.0, 0.7370429157257519)	(70.0, 0.5547850208044383)	(71.0, 0.41508734859826657)	(72.0, 0.3600094133198476)	(73.0, 0.30993856306673945)	(74.0, 0.23933866420985694)	(75.0, 0.2002834010124326)	(76.0, 0.17474726738334745)	(77.0, 0.14670759124160687)	(78.0, 0.10915445355177576)	(79.0, 0.08912611345053251)	(80.0, 0.06809635634422709)	(81.0, 0.0595843118011987)	(82.0, 0.061086437308791944)	(83.0, 0.050571558755639234)	(84.0, 0.034548886674644626)	(85.0, 0.034048178172113544)	(86.0, 0.03004251015186489)	(87.0, 0.02353329961896083)	(88.0, 0.021029757106305422)	(89.0, 0.016523380583525687)	(90.0, 0.017524797588587854)	(91.0, 0.019527631598712177)	(92.0, 0.017524797588587854)	(93.0, 0.014520546573401363)	(94.0, 0.015021255075932445)	(95.0, 0.017024089086056772)	(96.0, 0.017524797588587854)	(97.0, 0.019527631598712177)	(98.0, 0.024034008121491913)	(99.0, 0.03354746966958246)	(100.0, 0.17825222690106501)
SRR16013072_2.trimmed.fastq.gz	(0.0, 0.031976124493711365)	(1.0, 0.028245576636111703)	(2.0, 0.028778512044340225)	(3.0, 0.03623960775953955)	(4.0, 0.0421018972500533)	(5.0, 0.05062886378170966)	(6.0, 0.05435941163930932)	(7.0, 0.05755702408868045)	(8.0, 0.06821573225325091)	(9.0, 0.0724792155190791)	(10.0, 0.06661692602856534)	(11.0, 0.07194628011085057)	(12.0, 0.07834150500959283)	(13.0, 0.07088040929439351)	(14.0, 0.06981453847793648)	(15.0, 0.0730121509273076)	(16.0, 0.06555105521210829)	(17.0, 0.05915583031336601)	(18.0, 0.06501811980387977)	(19.0, 0.0724792155190791)	(20.0, 0.08740140694947772)	(21.0, 0.09379663184822)	(22.0, 0.11085056491153274)	(23.0, 0.16041355787678532)	(24.0, 0.21690471114900875)	(25.0, 0.25953954380729055)	(26.0, 0.3437433383073972)	(27.0, 0.4764442549562993)	(28.0, 0.6235344276273715)	(29.0, 0.7546365380515881)	(30.0, 0.8596248134726071)	(31.0, 0.9965892133873375)	(32.0, 1.1548710296312086)	(33.0, 1.3088893626092517)	(34.0, 1.396823704966958)	(35.0, 1.564165423150714)	(36.0, 1.7837348113408653)	(37.0, 1.8578128330846302)	(38.0, 1.9175015988062247)	(39.0, 2.0773822212747812)	(40.0, 2.2058196546578555)	(41.0, 2.255382647623108)	(42.0, 2.2942869324237902)	(43.0, 2.33052654018333)	(44.0, 2.409400980601151)	(45.0, 2.457898102749947)	(46.0, 2.4952035813259434)	(47.0, 2.4712214879556598)	(48.0, 2.4413771050948623)	(49.0, 2.3331912172244724)	(50.0, 2.1733105947559155)	(51.0, 2.2036879130249414)	(52.0, 2.2825623534427626)	(53.0, 2.392879982946067)	(54.0, 2.574610957151993)	(55.0, 2.567149861436794)	(56.0, 2.3832871455979534)	(57.0, 2.3214666382434452)	(58.0, 2.571413344702622)	(59.0, 3.201875932636965)	(60.0, 3.848859518226391)	(61.0, 5.070347473886165)	(62.0, 5.372521850351737)	(63.0, 4.330100191856747)	(64.0, 3.779577915156683)	(65.0, 2.801108505649115)	(66.0, 1.584416968663398)	(67.0, 1.105308036665956)	(68.0, 0.9518226390961415)	(69.0, 0.7519718610104456)	(70.0, 0.5515881475165211)	(71.0, 0.40076742698784906)	(72.0, 0.3368151780004264)	(73.0, 0.2755276060541463)	(74.0, 0.18972500532935407)	(75.0, 0.15561713920272863)	(76.0, 0.14868897889575786)	(77.0, 0.14229375399701555)	(78.0, 0.12417395011724579)	(79.0, 0.09113195480707738)	(80.0, 0.06288637817096568)	(81.0, 0.06075463653805159)	(82.0, 0.06714986143679387)	(83.0, 0.049030057557024095)	(84.0, 0.025047964186740566)	(85.0, 0.02558089959496909)	(86.0, 0.018119803879769775)	(87.0, 0.007994031123427841)	(88.0, 0.006928160306970796)	(89.0, 0.007994031123427841)	(90.0, 0.006395224898742272)	(91.0, 0.003730547857599659)	(92.0, 0.001598806224685568)	(93.0, 0.0010658708164570454)	(94.0, 0.0010658708164570454)	(95.0, 0.0005329354082285227)	(96.0, 0.0)	(97.0, 0.0005329354082285227)	(98.0, 0.002131741632914091)	(99.0, 0.009059901939884887)	(100.0, 0.05542528245576637)
SRR16013073_1.fastq.gz	(0.0, 0.029995500674898767)	(1.0, 0.01999700044993251)	(2.0, 0.012498125281207818)	(3.0, 0.011998200269959505)	(4.0, 0.01099835024746288)	(5.0, 0.011498275258711194)	(6.0, 0.010498425236214567)	(7.0, 0.011998200269959505)	(8.0, 0.008498725191221317)	(9.0, 0.004999250112483127)	(10.0, 0.004499325101234815)	(11.0, 0.00549917512373144)	(12.0, 0.00549917512373144)	(13.0, 0.004999250112483127)	(14.0, 0.00549917512373144)	(15.0, 0.004999250112483127)	(16.0, 0.007998800179973004)	(17.0, 0.009498575213717943)	(18.0, 0.012498125281207818)	(19.0, 0.018997150427435886)	(20.0, 0.02199670049492576)	(21.0, 0.04049392591111333)	(22.0, 0.06249062640603909)	(23.0, 0.09448582712593112)	(24.0, 0.16397540368944657)	(25.0, 0.2074688796680498)	(26.0, 0.27595860620906865)	(27.0, 0.40443933409988503)	(28.0, 0.5389191621256811)	(29.0, 0.6813977903314503)	(30.0, 0.8068789681547768)	(31.0, 0.9228615707643854)	(32.0, 1.034344848272759)	(33.0, 1.225816127580863)	(34.0, 1.4007898815177724)	(35.0, 1.4947757836324551)	(36.0, 1.590261460780883)	(37.0, 1.6992451132330149)	(38.0, 1.8147277908313755)	(39.0, 1.90221466779983)	(40.0, 2.0231965205219216)	(41.0, 2.1706743988401738)	(42.0, 2.26965955106734)	(43.0, 2.3081537769334597)	(44.0, 2.351647252912063)	(45.0, 2.4791281307803827)	(46.0, 2.587611858221267)	(47.0, 2.536619507073939)	(48.0, 2.424636304554317)	(49.0, 2.3536469529570567)	(50.0, 2.2926561015847624)	(51.0, 2.35564665300205)	(52.0, 2.501124831275309)	(53.0, 2.5791131330300456)	(54.0, 2.529120631905214)	(55.0, 2.452132180172974)	(56.0, 2.5296205569164623)	(57.0, 2.9655551667249913)	(58.0, 3.2120181972704094)	(59.0, 3.373993900914863)	(60.0, 4.289856521521772)	(61.0, 5.9051142328650705)	(62.0, 5.788631705244214)	(63.0, 4.610808378743188)	(64.0, 3.5509673548967653)	(65.0, 1.9427085937109432)	(66.0, 1.29180622906564)	(67.0, 1.1658251262310655)	(68.0, 1.015347697845323)	(69.0, 0.784882267659851)	(70.0, 0.5484177373393991)	(71.0, 0.4189371594260861)	(72.0, 0.4054391841223816)	(73.0, 0.3369494575813628)	(74.0, 0.19197120431935208)	(75.0, 0.15547667849822525)	(76.0, 0.13298005299205118)	(77.0, 0.12898065290206467)	(78.0, 0.12248162775583661)	(79.0, 0.08498725191221317)	(80.0, 0.04799280107983802)	(81.0, 0.051992201169824524)	(82.0, 0.04649302604609309)	(83.0, 0.028495725641153827)	(84.0, 0.017497375393690947)	(85.0, 0.01449782532620107)	(86.0, 0.013497975303704444)	(87.0, 0.007998800179973004)	(88.0, 0.001999700044993251)	(89.0, 0.0014997750337449381)	(90.0, 0.0009998500224966255)	(91.0, 0.0004999250112483127)	(92.0, 0.0004999250112483127)	(93.0, 0.0)	(94.0, 0.0)	(95.0, 0.0)	(96.0, 0.0)	(97.0, 0.0)	(98.0, 0.0004999250112483127)	(99.0, 0.0004999250112483127)	(100.0, 0.0)
SRR16013073_1.trimmed.fastq.gz	(0.0, 0.03129569576267071)	(1.0, 0.02050407653416357)	(2.0, 0.012410362112783214)	(3.0, 0.012410362112783214)	(4.0, 0.011331200189932498)	(5.0, 0.00917287634423107)	(6.0, 0.006474971537104285)	(7.0, 0.00917287634423107)	(8.0, 0.0070145524985296415)	(9.0, 0.004316647691402857)	(10.0, 0.0037770667299774994)	(11.0, 0.004856228652828214)	(12.0, 0.0037770667299774994)	(13.0, 0.002697904807126785)	(14.0, 0.004856228652828214)	(15.0, 0.004316647691402857)	(16.0, 0.007554133459954999)	(17.0, 0.009712457305656428)	(18.0, 0.012410362112783214)	(19.0, 0.017806171727036784)	(20.0, 0.019964495572738213)	(21.0, 0.039389410184051066)	(22.0, 0.06744762017816963)	(23.0, 0.09982247786369106)	(24.0, 0.16619093611900998)	(25.0, 0.22230735610724708)	(26.0, 0.303784081282476)	(27.0, 0.43813974067739)	(28.0, 0.5881432479536393)	(29.0, 0.7381467552298885)	(30.0, 0.8633295382805714)	(31.0, 1.0100955597882684)	(32.0, 1.1266450474561456)	(33.0, 1.2734110689638427)	(34.0, 1.4412207479671286)	(35.0, 1.5534535879436029)	(36.0, 1.6694634946500548)	(37.0, 1.7773796869351262)	(38.0, 1.8615543169174817)	(39.0, 1.9667726043954263)	(40.0, 2.09303454936896)	(41.0, 2.2484338662594627)	(42.0, 2.3628250300816385)	(43.0, 2.391962401998608)	(44.0, 2.4151643833398984)	(45.0, 2.475057870058113)	(46.0, 2.5176847660107162)	(47.0, 2.46264750794533)	(48.0, 2.3779332970015483)	(49.0, 2.300233638556297)	(50.0, 2.2398005708766573)	(51.0, 2.32667310566614)	(52.0, 2.4728995462124113)	(53.0, 2.5371096806220286)	(54.0, 2.465884993713882)	(55.0, 2.3914228210371826)	(56.0, 2.469122479482434)	(57.0, 2.8916143722784886)	(58.0, 3.1284904143442205)	(59.0, 3.2801126645047454)	(60.0, 4.125096450096855)	(61.0, 5.722795676877337)	(62.0, 5.686643752461838)	(63.0, 4.527623847320171)	(64.0, 3.5002616967662914)	(65.0, 1.9532830803597925)	(66.0, 1.3101025743407668)	(67.0, 1.15632200033454)	(68.0, 0.9841956736398513)	(69.0, 0.7710611938768352)	(70.0, 0.5519913235381403)	(71.0, 0.41817524510465176)	(72.0, 0.40522530203044316)	(73.0, 0.3183527672409607)	(74.0, 0.16942842188756213)	(75.0, 0.14730560246912247)	(76.0, 0.13921188804774212)	(77.0, 0.1543201549676521)	(78.0, 0.1607951265047564)	(79.0, 0.12518278305068284)	(80.0, 0.08525379190520642)	(81.0, 0.08255588709807962)	(82.0, 0.07608091556097535)	(83.0, 0.05341851518111035)	(84.0, 0.030756114801245352)	(85.0, 0.019424914611312856)	(86.0, 0.019964495572738213)	(87.0, 0.017266590765611427)	(88.0, 0.007554133459954999)	(89.0, 0.002697904807126785)	(90.0, 0.0016187428842760713)	(91.0, 0.0016187428842760713)	(92.0, 0.0005395809614253571)	(93.0, 0.0005395809614253571)	(94.0, 0.0010791619228507142)	(95.0, 0.0010791619228507142)	(96.0, 0.0005395809614253571)	(97.0, 0.0)	(98.0, 0.0)	(99.0, 0.0)	(100.0, 0.0)
SRR16013073_2.fastq.gz	(0.0, 0.04613471336302002)	(1.0, 0.04613471336302002)	(2.0, 0.05215228467124002)	(3.0, 0.06368596301199503)	(4.0, 0.07872989128254503)	(5.0, 0.07872989128254503)	(6.0, 0.08575039114213504)	(7.0, 0.08825771252056004)	(8.0, 0.09026356962330004)	(9.0, 0.09928992658563003)	(10.0, 0.09026356962330004)	(11.0, 0.08875917679624504)	(12.0, 0.09277089100172503)	(13.0, 0.09226942672604004)	(14.0, 0.09577967665583503)	(15.0, 0.09527821238015004)	(16.0, 0.08976210534761504)	(17.0, 0.09979139086131504)	(18.0, 0.11132506920207004)	(19.0, 0.11082360492638504)	(20.0, 0.11282946202912504)	(21.0, 0.14091146146748507)	(22.0, 0.15244513980824007)	(23.0, 0.18203153207365508)	(24.0, 0.2361896738476351)	(25.0, 0.2888434227945601)	(26.0, 0.3740923496610101)	(27.0, 0.4668632406627352)	(28.0, 0.5736751313836402)	(29.0, 0.7160909856781803)	(30.0, 0.8309263048100454)	(31.0, 0.9216913387090304)	(32.0, 1.0520720503871306)	(33.0, 1.1854615477193404)	(34.0, 1.3243671520840854)	(35.0, 1.4788181489950656)	(36.0, 1.6036827536406304)	(37.0, 1.6869258234043407)	(38.0, 1.8233241063906607)	(39.0, 1.9115818189112208)	(40.0, 1.9226140329762906)	(41.0, 2.0093673526697957)	(42.0, 2.089100172503711)	(43.0, 2.165322742407831)	(44.0, 2.222991134111606)	(45.0, 2.233020419625306)	(46.0, 2.364905524130461)	(47.0, 2.3598908813736106)	(48.0, 2.323785453524291)	(49.0, 2.300216632567096)	(50.0, 2.1562963854455006)	(51.0, 2.170838849440366)	(52.0, 2.264111204717776)	(53.0, 2.3368235246921008)	(54.0, 2.494784771532876)	(55.0, 2.542925341998636)	(56.0, 2.384462630882176)	(57.0, 2.301721025394151)	(58.0, 2.4561720223051307)	(59.0, 3.0293456894130864)	(60.0, 3.808621173827577)	(61.0, 5.064287720142817)	(62.0, 5.292955429855177)	(63.0, 4.270971236009147)	(64.0, 3.701809283106672)	(65.0, 2.726962731175031)	(66.0, 1.6217354675652904)	(67.0, 1.1413326914590605)	(68.0, 0.9201869458819755)	(69.0, 0.7521964135275003)	(70.0, 0.5852088097243953)	(71.0, 0.45733541942472017)	(72.0, 0.40769045613190513)	(73.0, 0.38512456372608017)	(74.0, 0.3028844225137401)	(75.0, 0.2396999237774301)	(76.0, 0.22114574557708508)	(77.0, 0.20209010310105507)	(78.0, 0.17801981786817508)	(79.0, 0.13740121153769005)	(80.0, 0.11884703333734505)	(81.0, 0.11734264051029004)	(82.0, 0.11333092630481005)	(83.0, 0.10480603361816504)	(84.0, 0.09878846230994504)	(85.0, 0.09477674810446504)	(86.0, 0.09076503389898503)	(87.0, 0.09477674810446504)	(88.0, 0.08875917679624504)	(89.0, 0.08825771252056004)	(90.0, 0.10079431941268503)	(91.0, 0.11583824768323504)	(92.0, 0.11684117623460505)	(93.0, 0.11182653347775505)	(94.0, 0.11633971195892005)	(95.0, 0.12235728326714004)	(96.0, 0.12737192602399006)	(97.0, 0.13890560436474506)	(98.0, 0.15043928270550005)	(99.0, 0.17250371083564006)	(100.0, 0.41120070606170017)
SRR16013073_2.trimmed.fastq.gz	(0.0, 0.03670517111087121)	(1.0, 0.03724495303897225)	(2.0, 0.04210299039188168)	(3.0, 0.055057756666306815)	(4.0, 0.06963186872503509)	(5.0, 0.06261470365972147)	(6.0, 0.0674727410126309)	(7.0, 0.07017165065313613)	(8.0, 0.07125121450933823)	(9.0, 0.07502968800604556)	(10.0, 0.06261470365972147)	(11.0, 0.0582964482349131)	(12.0, 0.05397819281010472)	(13.0, 0.055057756666306815)	(14.0, 0.05991579401921624)	(15.0, 0.05613732052250891)	(16.0, 0.043182554248083774)	(17.0, 0.04858037352909425)	(18.0, 0.05343841088200367)	(19.0, 0.04750080967289215)	(20.0, 0.05127928316959948)	(21.0, 0.06693295908452986)	(22.0, 0.08960380006477384)	(23.0, 0.12900788081615028)	(24.0, 0.17758825434524453)	(25.0, 0.23858361222066285)	(26.0, 0.3416819604879629)	(27.0, 0.4393824894742524)	(28.0, 0.5586742955845838)	(29.0, 0.721148655942999)	(30.0, 0.8517758825434525)	(31.0, 0.9797041995034006)	(32.0, 1.10817229839145)	(33.0, 1.2193673755802654)	(34.0, 1.3521537298931232)	(35.0, 1.5167872179639426)	(36.0, 1.6749433228975492)	(37.0, 1.7564503940408076)	(38.0, 1.8633272158048146)	(39.0, 1.978300766490338)	(40.0, 2.022562884594624)	(41.0, 2.1137860304437006)	(42.0, 2.197992011227464)	(43.0, 2.276800172730217)	(44.0, 2.336176184821332)	(45.0, 2.3016301414228653)	(46.0, 2.3804383029256178)	(47.0, 2.370182446291698)	(48.0, 2.358307243873475)	(49.0, 2.3399546583180397)	(50.0, 2.2012307027960705)	(51.0, 2.2368563100507397)	(52.0, 2.311885998056785)	(53.0, 2.3852963402785274)	(54.0, 2.5483104825650438)	(55.0, 2.605527366943755)	(56.0, 2.447911043938249)	(57.0, 2.3620857173701824)	(58.0, 2.5261794235129007)	(59.0, 3.148008204685307)	(60.0, 4.002482996869264)	(61.0, 5.388642988232753)	(62.0, 5.688761740256936)	(63.0, 4.587066825002699)	(64.0, 3.971715426967505)	(65.0, 2.905646118967937)	(66.0, 1.7003130735182985)	(67.0, 1.1864406779661016)	(68.0, 0.937601209111519)	(69.0, 0.7551549174133649)	(70.0, 0.5791860088524236)	(71.0, 0.42588794127172624)	(72.0, 0.35625607254669117)	(73.0, 0.3249487207168304)	(74.0, 0.23372557486775344)	(75.0, 0.16733239771132463)	(76.0, 0.16355392421461729)	(77.0, 0.16301414228651626)	(78.0, 0.15059915794019216)	(79.0, 0.11173485911691676)	(80.0, 0.08798445428047069)	(81.0, 0.0858253265680665)	(82.0, 0.07718881571844975)	(83.0, 0.06261470365972147)	(84.0, 0.0388642988232754)	(85.0, 0.022131059052142934)	(86.0, 0.017812803627334558)	(87.0, 0.015113893986829321)	(88.0, 0.005397819281010472)	(89.0, 0.0005397819281010472)	(90.0, 0.0010795638562020944)	(91.0, 0.0016193457843031416)	(92.0, 0.0016193457843031416)	(93.0, 0.002159127712404189)	(94.0, 0.0032386915686062833)	(95.0, 0.0037784734967073303)	(96.0, 0.002698909640505236)	(97.0, 0.0037784734967073303)	(98.0, 0.007556946993414661)	(99.0, 0.011875202418223037)	(100.0, 0.035085825326568065)
SRR16013074_1.fastq.gz	(0.0, 0.02699635549200858)	(1.0, 0.01849750283711699)	(2.0, 0.008998785164002859)	(3.0, 0.009498717673114129)	(4.0, 0.016497772800671908)	(5.0, 0.01349817774600429)	(6.0, 0.00699905512755778)	(7.0, 0.00649912261844651)	(8.0, 0.00699905512755778)	(9.0, 0.00799892014578032)	(10.0, 0.005999190109335239)	(11.0, 0.004499392582001429)	(12.0, 0.004499392582001429)	(13.0, 0.00699905512755778)	(14.0, 0.00649912261844651)	(15.0, 0.0049993250911127)	(16.0, 0.009498717673114129)	(17.0, 0.012498312727781749)	(18.0, 0.011998380218670479)	(19.0, 0.016497772800671908)	(20.0, 0.02599649047378604)	(21.0, 0.03649507316512271)	(22.0, 0.05949196858424113)	(23.0, 0.09548710924025257)	(24.0, 0.15947847040649513)	(25.0, 0.21347118139051227)	(26.0, 0.28096207012053376)	(27.0, 0.41344418503502023)	(28.0, 0.5439265699130618)	(29.0, 0.6504121943537622)	(30.0, 0.7948926894869193)	(31.0, 0.931374264474296)	(32.0, 1.0338604288421063)	(33.0, 1.175841261429707)	(34.0, 1.2953251311073004)	(35.0, 1.3928119703839983)	(36.0, 1.5957845690831738)	(37.0, 1.7827593274907887)	(38.0, 1.870247516585261)	(39.0, 2.0217270668459757)	(40.0, 2.1092152559404482)	(41.0, 2.149709789178461)	(42.0, 2.317187179730736)	(43.0, 2.422173006644103)	(44.0, 2.464667269918561)	(45.0, 2.5451564038854757)	(46.0, 2.5731526243957066)	(47.0, 2.5191599134116895)	(48.0, 2.4156738840256566)	(49.0, 2.325186099876517)	(50.0, 2.2956900818389516)	(51.0, 2.3966764486794285)	(52.0, 2.466666999955006)	(53.0, 2.538657281267029)	(54.0, 2.55865458163148)	(55.0, 2.4636674049003386)	(56.0, 2.488164097846791)	(57.0, 2.8821109150264714)	(58.0, 3.186069880566124)	(59.0, 3.4770306008688827)	(60.0, 4.317417148684927)	(61.0, 5.824713663655406)	(62.0, 5.707729456523369)	(63.0, 4.628875101861249)	(64.0, 3.6180115684382606)	(65.0, 1.9247401600783896)	(66.0, 1.2738280332155159)	(67.0, 1.1713418688477057)	(68.0, 1.0393596864423305)	(69.0, 0.7723957265769121)	(70.0, 0.483434736310598)	(71.0, 0.3659505966694496)	(72.0, 0.3764491793607863)	(73.0, 0.31895694081299025)	(74.0, 0.19497367855339529)	(75.0, 0.1779759732436121)	(76.0, 0.1464802251696021)	(77.0, 0.11448454458648082)	(78.0, 0.09998650182225399)	(79.0, 0.07099041629380035)	(80.0, 0.03699500567423398)	(81.0, 0.045493858329125565)	(82.0, 0.04749358836557065)	(83.0, 0.02299689541911842)	(84.0, 0.012498312727781749)	(85.0, 0.01149844770955921)	(86.0, 0.00799892014578032)	(87.0, 0.0049993250911127)	(88.0, 0.00199973003644508)	(89.0, 0.0014997975273338098)	(90.0, 0.00049993250911127)	(91.0, 0.0)	(92.0, 0.00099986501822254)	(93.0, 0.00099986501822254)	(94.0, 0.0)	(95.0, 0.0)	(96.0, 0.0)	(97.0, 0.0)	(98.0, 0.00049993250911127)	(99.0, 0.00049993250911127)	(100.0, 0.0)
SRR16013074_1.trimmed.fastq.gz	(0.0, 0.02587377908104961)	(1.0, 0.01940533431078721)	(2.0, 0.01185881541214774)	(3.0, 0.009702667155393606)	(4.0, 0.012936889540524805)	(5.0, 0.010780741283770672)	(6.0, 0.006468444770262403)	(7.0, 0.005390370641885336)	(8.0, 0.004851333577696803)	(9.0, 0.006468444770262403)	(10.0, 0.005390370641885336)	(11.0, 0.004312296513508269)	(12.0, 0.004851333577696803)	(13.0, 0.00592940770607387)	(14.0, 0.004312296513508269)	(15.0, 0.002695185320942668)	(16.0, 0.008085555962828003)	(17.0, 0.012936889540524805)	(18.0, 0.012397852476336273)	(19.0, 0.015632074861467476)	(20.0, 0.02371763082429548)	(21.0, 0.03503740917225469)	(22.0, 0.05659889173979602)	(23.0, 0.09487052329718192)	(24.0, 0.16710148989844542)	(25.0, 0.22046615925311025)	(26.0, 0.2905409775976196)	(27.0, 0.43823713318527785)	(28.0, 0.5864723258371246)	(29.0, 0.7099118135362988)	(30.0, 0.8705448586644817)	(31.0, 1.017162940123763)	(32.0, 1.1206580564479613)	(33.0, 1.2489488777248323)	(34.0, 1.3810129584510231)	(35.0, 1.493132667802238)	(36.0, 1.6580780094439294)	(37.0, 1.8068522391599644)	(38.0, 1.91519868906186)	(39.0, 2.1049397356562234)	(40.0, 2.197115073632463)	(41.0, 2.2564091506932016)	(42.0, 2.389012268483581)	(43.0, 2.455852864442959)	(44.0, 2.528622868108411)	(45.0, 2.564738351409043)	(46.0, 2.517303089760452)	(47.0, 2.4289010112335325)	(48.0, 2.34157700683499)	(49.0, 2.2682679661053493)	(50.0, 2.237542853446603)	(51.0, 2.340498932706613)	(52.0, 2.423510640591647)	(53.0, 2.5151469415036978)	(54.0, 2.5016710148989847)	(55.0, 2.379848638392376)	(56.0, 2.4191983440781386)	(57.0, 2.818624808641842)	(58.0, 3.1097048233036504)	(59.0, 3.354427650445244)	(60.0, 4.165678432048988)	(61.0, 5.674443174712693)	(62.0, 5.603829319303996)	(63.0, 4.553785118264732)	(64.0, 3.558722697772699)	(65.0, 1.9135815778692944)	(66.0, 1.2759007309342592)	(67.0, 1.1772569481877575)	(68.0, 1.0392634597554928)	(69.0, 0.7848379654585048)	(70.0, 0.49753121024601654)	(71.0, 0.3719355742900882)	(72.0, 0.3751697966752194)	(73.0, 0.3126414972293495)	(74.0, 0.18435067595247848)	(75.0, 0.16656245283425689)	(76.0, 0.14554000733090408)	(77.0, 0.12775178421268246)	(78.0, 0.13098600659781368)	(79.0, 0.0981047456823131)	(80.0, 0.05821600293236163)	(81.0, 0.06522348476681257)	(82.0, 0.06845770715194377)	(83.0, 0.05066948403372216)	(84.0, 0.03126414972293495)	(85.0, 0.02263955669591841)	(86.0, 0.023178593760106947)	(87.0, 0.018327260182410144)	(88.0, 0.007007481834450937)	(89.0, 0.0021561482567541345)	(90.0, 0.002695185320942668)	(91.0, 0.002695185320942668)	(92.0, 0.003773259449319735)	(93.0, 0.004312296513508269)	(94.0, 0.0021561482567541345)	(95.0, 0.0010780741283770673)	(96.0, 0.0005390370641885336)	(97.0, 0.0)	(98.0, 0.0)	(99.0, 0.0)	(100.0, 0.0)
SRR16013074_2.fastq.gz	(0.0, 0.040160844180944684)	(1.0, 0.04618497080808639)	(2.0, 0.05672719240558436)	(3.0, 0.06275131903272607)	(4.0, 0.070783487868915)	(5.0, 0.07981967780962756)	(6.0, 0.08483978333224565)	(7.0, 0.09186793106391096)	(8.0, 0.09839406824331447)	(9.0, 0.09789205769105266)	(10.0, 0.10090412100462352)	(11.0, 0.09136592051164916)	(12.0, 0.08182772001867479)	(13.0, 0.0878518466458165)	(14.0, 0.08935787830260193)	(15.0, 0.09236994161617278)	(16.0, 0.09688803658652906)	(17.0, 0.10391618431819438)	(18.0, 0.10090412100462352)	(19.0, 0.10441819487045617)	(20.0, 0.12449861696092852)	(21.0, 0.1290167119312848)	(22.0, 0.1470890918127099)	(23.0, 0.17821374605294205)	(24.0, 0.22038263244293396)	(25.0, 0.2826319409233982)	(26.0, 0.34839532326969513)	(27.0, 0.4442793387517006)	(28.0, 0.5707859979216763)	(29.0, 0.7058268364801028)	(30.0, 0.8147631263209153)	(31.0, 0.9252054478185131)	(32.0, 1.0326357060025402)	(33.0, 1.1757087133971555)	(34.0, 1.3202877524485563)	(35.0, 1.4432803377526995)	(36.0, 1.6044257250287401)	(37.0, 1.7314343947509778)	(38.0, 1.8383626423827428)	(39.0, 1.9407727950441518)	(40.0, 1.9934839030316418)	(41.0, 2.0717975491844838)	(42.0, 2.1837459023388672)	(43.0, 2.189268018413747)	(44.0, 2.1937861133841037)	(45.0, 2.279127907268611)	(46.0, 2.356939542869191)	(47.0, 2.3223008147631266)	(48.0, 2.2906741499706325)	(49.0, 2.2294288625946916)	(50.0, 2.146597121471493)	(51.0, 2.1646695013529187)	(52.0, 2.1937861133841037)	(53.0, 2.260051506282662)	(54.0, 2.464369801053218)	(55.0, 2.512562814070352)	(56.0, 2.32882695194253)	(57.0, 2.3142686459269375)	(58.0, 2.5466995316241547)	(59.0, 3.182746901339866)	(60.0, 3.904136064940085)	(61.0, 4.957856214137621)	(62.0, 5.1134794853387815)	(63.0, 4.179739858131818)	(64.0, 3.6712031686906057)	(65.0, 2.6922825917800792)	(66.0, 1.5677789547136283)	(67.0, 1.1064312571850259)	(68.0, 0.9267114794752985)	(69.0, 0.7906666198123484)	(70.0, 0.6024126627141703)	(71.0, 0.42771299052706085)	(72.0, 0.388054156898378)	(73.0, 0.36646770315112026)	(74.0, 0.27259172987816205)	(75.0, 0.21586453747257767)	(76.0, 0.212350463606745)	(77.0, 0.1827318410232983)	(78.0, 0.16014136617151692)	(79.0, 0.1465870812604481)	(80.0, 0.12751068027449938)	(81.0, 0.12198856419961947)	(82.0, 0.12148655364735766)	(83.0, 0.10391618431819438)	(84.0, 0.0938759732729582)	(85.0, 0.08985988885486372)	(86.0, 0.08483978333224565)	(87.0, 0.09186793106391096)	(88.0, 0.0933739627206964)	(89.0, 0.09739004713879086)	(90.0, 0.10893628984081245)	(91.0, 0.11295237425890692)	(92.0, 0.12198856419961947)	(93.0, 0.1300207330358084)	(94.0, 0.13604485966295013)	(95.0, 0.1470890918127099)	(96.0, 0.16365544003734958)	(97.0, 0.20431829477055607)	(98.0, 0.2294188223836465)	(99.0, 0.27208971932590026)	(100.0, 0.5798221878623889)
SRR16013074_2.trimmed.fastq.gz	(0.0, 0.03448368759934266)	(1.0, 0.03987176378673995)	(2.0, 0.04687626283035642)	(3.0, 0.04741507044909615)	(4.0, 0.05441956949271263)	(5.0, 0.06627333710498666)	(6.0, 0.06950618281742504)	(7.0, 0.06735095234246612)	(8.0, 0.07004499043616476)	(9.0, 0.06950618281742504)	(10.0, 0.06627333710498666)	(11.0, 0.05549718473019208)	(12.0, 0.04148818664295913)	(13.0, 0.04148818664295913)	(14.0, 0.04041057140547967)	(15.0, 0.03610011045556184)	(16.0, 0.035561302836822115)	(17.0, 0.03394487998060292)	(18.0, 0.03125084188690428)	(19.0, 0.03448368759934266)	(20.0, 0.046337455211616696)	(21.0, 0.058191222823890734)	(22.0, 0.0743554513860826)	(23.0, 0.11099436946038416)	(24.0, 0.15840943990948034)	(25.0, 0.22468277701446696)	(26.0, 0.3119696112503031)	(27.0, 0.4181147121420297)	(28.0, 0.5657479996767154)	(29.0, 0.7230798243487163)	(30.0, 0.8480831918963334)	(31.0, 0.980091058487567)	(32.0, 1.105094426035184)	(33.0, 1.240873945957596)	(34.0, 1.39174007920472)	(35.0, 1.5566152105390771)	(36.0, 1.6972439990301462)	(37.0, 1.7920741399283384)	(38.0, 1.9127670465260378)	(39.0, 2.0431584902610522)	(40.0, 2.120746787359573)	(41.0, 2.2209650044451625)	(42.0, 2.2915488025000674)	(43.0, 2.2629919987068616)	(44.0, 2.3168727605808344)	(45.0, 2.387456558635739)	(46.0, 2.401465556722972)	(47.0, 2.3475847948489994)	(48.0, 2.324416067243191)	(49.0, 2.2629919987068616)	(50.0, 2.18702012446456)	(51.0, 2.2031843530267516)	(52.0, 2.244672539669711)	(53.0, 2.330342951049328)	(54.0, 2.5399391147390826)	(55.0, 2.586276569950699)	(56.0, 2.4073924405291094)	(57.0, 2.409547671004068)	(58.0, 2.6649424822866994)	(59.0, 3.334680352380183)	(60.0, 4.113257361459091)	(61.0, 5.297556507449015)	(62.0, 5.495298903526495)	(63.0, 4.477491311727148)	(64.0, 3.9246746949001863)	(65.0, 2.866995339314098)	(66.0, 1.6557558123871872)	(67.0, 1.1697513402839517)	(68.0, 0.9633880223066354)	(69.0, 0.8039009671596757)	(70.0, 0.5959212263261402)	(71.0, 0.3971012150111803)	(72.0, 0.3453756836121663)	(73.0, 0.3173576874377004)	(74.0, 0.21282900940219293)	(75.0, 0.15194374848460357)	(76.0, 0.15787063229074058)	(77.0, 0.14924971039090493)	(78.0, 0.12877502087879522)	(79.0, 0.0948301408981923)	(80.0, 0.0781271047172607)	(81.0, 0.08082114281095934)	(82.0, 0.07112260567364423)	(83.0, 0.057652415205151)	(84.0, 0.032867264743123466)	(85.0, 0.018319459037150786)	(86.0, 0.022091112368328888)	(87.0, 0.020474689512109703)	(88.0, 0.01077615237479458)	(89.0, 0.004310460949917832)	(90.0, 0.004849268568657561)	(91.0, 0.007004499043616478)	(92.0, 0.009698537137315121)	(93.0, 0.012392575231013768)	(94.0, 0.012392575231013768)	(95.0, 0.015086613324712412)	(96.0, 0.020474689512109703)	(97.0, 0.02101349713084943)	(98.0, 0.02694038093698645)	(99.0, 0.03178964950564401)	(100.0, 0.035561302836822115)
SRR16013082_1.fastq.gz	(0.0, 0.007999680012799487)	(1.0, 0.005999760009599616)	(2.0, 0.0034998600055997763)	(3.0, 0.002999880004799808)	(4.0, 0.0049998000079996795)	(5.0, 0.0064997400103995835)	(6.0, 0.003999840006399744)	(7.0, 0.001499940002399904)	(8.0, 0.000999960001599936)	(9.0, 0.0034998600055997763)	(10.0, 0.0049998000079996795)	(11.0, 0.0034998600055997763)	(12.0, 0.001999920003199872)	(13.0, 0.000999960001599936)	(14.0, 0.000499980000799968)	(15.0, 0.001999920003199872)	(16.0, 0.004499820007199712)	(17.0, 0.007999680012799487)	(18.0, 0.011499540018399264)	(19.0, 0.01749930002799888)	(20.0, 0.02799888004479821)	(21.0, 0.040498380064797404)	(22.0, 0.0639974401023959)	(23.0, 0.09799608015679373)	(24.0, 0.1609935602575897)	(25.0, 0.2359905603775849)	(26.0, 0.34448622055117795)	(27.0, 0.5004799808007679)	(28.0, 0.6284748610055598)	(29.0, 0.7794688212471501)	(30.0, 0.9564617415303388)	(31.0, 1.0919563217471302)	(32.0, 1.2519499220031198)	(33.0, 1.3724451021959123)	(34.0, 1.5259389624415023)	(35.0, 1.6804327826886925)	(36.0, 1.8104275828966843)	(37.0, 2.03091876324947)	(38.0, 2.1934122635094595)	(39.0, 2.33990640374385)	(40.0, 2.466901323947042)	(41.0, 2.562397504099836)	(42.0, 2.728890844366225)	(43.0, 2.790888364465421)	(44.0, 2.783888644454222)	(45.0, 2.8833846646134154)	(46.0, 2.9748810047598098)	(47.0, 2.9103835846566137)	(48.0, 2.793888244470221)	(49.0, 2.690892364305428)	(50.0, 2.626394944202232)	(51.0, 2.7598896044158234)	(52.0, 2.827386904523819)	(53.0, 2.690392384304628)	(54.0, 2.5033998640054396)	(55.0, 2.390404383824647)	(56.0, 2.3834046638134474)	(57.0, 2.523399064037439)	(58.0, 2.66339346426143)	(59.0, 2.8718851245950163)	(60.0, 3.402863885444582)	(61.0, 4.452821887124514)	(62.0, 4.335826566937322)	(63.0, 3.6613535458581654)	(64.0, 3.045878164873405)	(65.0, 1.7734290628374865)	(66.0, 1.218951241950322)	(67.0, 1.0729570817167313)	(68.0, 0.951961921523139)	(69.0, 0.7479700811967521)	(70.0, 0.5194792208311667)	(71.0, 0.4129834806607736)	(72.0, 0.3619855205791768)	(73.0, 0.25098996040158394)	(74.0, 0.14499420023199072)	(75.0, 0.12949482020719172)	(76.0, 0.1079956801727931)	(77.0, 0.0904963801447942)	(78.0, 0.07549698012079516)	(79.0, 0.05049798008079677)	(80.0, 0.024499020039198433)	(81.0, 0.023499060037598496)	(82.0, 0.02999880004799808)	(83.0, 0.01749930002799888)	(84.0, 0.009499620015199392)	(85.0, 0.008999640014399424)	(86.0, 0.008499660013599456)	(87.0, 0.007999680012799487)	(88.0, 0.001999920003199872)	(89.0, 0.0)	(90.0, 0.000499980000799968)	(91.0, 0.000499980000799968)	(92.0, 0.0)	(93.0, 0.0)	(94.0, 0.0)	(95.0, 0.0)	(96.0, 0.0)	(97.0, 0.0)	(98.0, 0.0)	(99.0, 0.0)	(100.0, 0.0)
SRR16013082_1.trimmed.fastq.gz	(0.0, 0.008449871139465123)	(1.0, 0.006337403354598843)	(2.0, 0.003696818623515991)	(3.0, 0.003696818623515991)	(4.0, 0.005809286408382272)	(5.0, 0.007393637247031982)	(6.0, 0.0042249355697325615)	(7.0, 0.0010562338924331404)	(8.0, 0.0015843508386497107)	(9.0, 0.003696818623515991)	(10.0, 0.0042249355697325615)	(11.0, 0.0021124677848662807)	(12.0, 0.0005281169462165702)	(13.0, 0.0)	(14.0, 0.0)	(15.0, 0.0)	(16.0, 0.0005281169462165702)	(17.0, 0.005281169462165702)	(18.0, 0.009506105031898264)	(19.0, 0.015843508386497104)	(20.0, 0.028518315095694788)	(21.0, 0.041721238751109044)	(22.0, 0.06654273522328784)	(23.0, 0.1045671553508809)	(24.0, 0.16899742278930246)	(25.0, 0.24557437999070514)	(26.0, 0.36070387426591743)	(27.0, 0.5207233089695382)	(28.0, 0.6617305336093625)	(29.0, 0.831784190291098)	(30.0, 1.008703367273649)	(31.0, 1.1518230596983396)	(32.0, 1.3424732772825214)	(33.0, 1.4734462799442307)	(34.0, 1.6155097384764883)	(35.0, 1.749651442815497)	(36.0, 1.8721745743377414)	(37.0, 2.1013773289957327)	(38.0, 2.2487219569901558)	(39.0, 2.382335544382948)	(40.0, 2.5001056233892434)	(41.0, 2.587773036461194)	(42.0, 2.7646922134437446)	(43.0, 2.8254256622586507)	(44.0, 2.8043009844099878)	(45.0, 2.861865731547594)	(46.0, 2.897249566944104)	(47.0, 2.860809497655161)	(48.0, 2.7673327981748277)	(49.0, 2.659068824200431)	(50.0, 2.5935823228695765)	(51.0, 2.707127466306139)	(52.0, 2.7625797456588788)	(53.0, 2.629494275212303)	(54.0, 2.4457095779289366)	(55.0, 2.334805019223457)	(56.0, 2.335333136169673)	(57.0, 2.454687566014618)	(58.0, 2.5798512822679456)	(59.0, 2.788985592969707)	(60.0, 3.3419240356584563)	(61.0, 4.3796738349740165)	(62.0, 4.2782753813004355)	(63.0, 3.6265790696691877)	(64.0, 3.0023448392412018)	(65.0, 1.7507076767079304)	(66.0, 1.2088596898897292)	(67.0, 1.0847522075288352)	(68.0, 0.9511386201360429)	(69.0, 0.7214077485318349)	(70.0, 0.504879800583041)	(71.0, 0.410346867210275)	(72.0, 0.36809751151294945)	(73.0, 0.2561367189150366)	(74.0, 0.14840086188685622)	(75.0, 0.13044488571549284)	(76.0, 0.11143267565169632)	(77.0, 0.11512949427521231)	(78.0, 0.1098483248130466)	(79.0, 0.06812708606193756)	(80.0, 0.03274325066542735)	(81.0, 0.03696818623515992)	(82.0, 0.04753052515949132)	(83.0, 0.035911952342726775)	(84.0, 0.017427859225146818)	(85.0, 0.010034221978114833)	(86.0, 0.008977988085681694)	(87.0, 0.008449871139465123)	(88.0, 0.002640584731082851)	(89.0, 0.0015843508386497107)	(90.0, 0.0031687016772994213)	(91.0, 0.0031687016772994213)	(92.0, 0.0010562338924331404)	(93.0, 0.0)	(94.0, 0.0)	(95.0, 0.0)	(96.0, 0.0)	(97.0, 0.0)	(98.0, 0.0)	(99.0, 0.0)	(100.0, 0.0)
SRR16013082_2.fastq.gz	(0.0, 0.021022809748577204)	(1.0, 0.02052226665932537)	(2.0, 0.027029326819599266)	(3.0, 0.04004344714014706)	(4.0, 0.04204561949715441)	(5.0, 0.04855267965742831)	(6.0, 0.06106625688872427)	(7.0, 0.05656136908545772)	(8.0, 0.05806299835321324)	(9.0, 0.06106625688872427)	(10.0, 0.06256788615647978)	(11.0, 0.07107711867376103)	(12.0, 0.08509232517281251)	(13.0, 0.0956037300471011)	(14.0, 0.08609341135131618)	(15.0, 0.08709449752981986)	(16.0, 0.10110970402887132)	(17.0, 0.11212165199241177)	(18.0, 0.1231335999559522)	(19.0, 0.12613685849146325)	(20.0, 0.13264391865173714)	(21.0, 0.1541672714895662)	(22.0, 0.17869388286290624)	(23.0, 0.22174058853856432)	(24.0, 0.2853095608735478)	(25.0, 0.35288287792254597)	(26.0, 0.46250181446869854)	(27.0, 0.6472022144026268)	(28.0, 0.7848515639468824)	(29.0, 0.881956923261739)	(30.0, 1.0171035573597353)	(31.0, 1.1752751735633162)	(32.0, 1.290400084091239)	(33.0, 1.423544545832228)	(34.0, 1.606242773409149)	(35.0, 1.729376373365101)	(36.0, 1.9125751440312742)	(37.0, 2.0917695699834318)	(38.0, 2.1678521195497114)	(39.0, 2.258950961793546)	(40.0, 2.4361432153886966)	(41.0, 2.5242387990970205)	(42.0, 2.529244229989539)	(43.0, 2.543759979577842)	(44.0, 2.6168392706086103)	(45.0, 2.7274592933332666)	(46.0, 2.751485361617355)	(47.0, 2.732965267315037)	(48.0, 2.670397381158557)	(49.0, 2.5057187047947025)	(50.0, 2.420125836532638)	(51.0, 2.4336404999424377)	(52.0, 2.4086133454798455)	(53.0, 2.4831942657783697)	(54.0, 2.5422583503100866)	(55.0, 2.428635069049919)	(56.0, 2.2854797455238933)	(57.0, 2.1983852479940733)	(58.0, 2.27096399593559)	(59.0, 2.684412587657609)	(60.0, 3.140407341966033)	(61.0, 3.8316573482228216)	(62.0, 4.032375127012809)	(63.0, 3.541842899546008)	(64.0, 3.226000210228098)	(65.0, 2.380582932481743)	(66.0, 1.4816075441854413)	(67.0, 1.1097040288713254)	(68.0, 0.8934694143145313)	(69.0, 0.7578222371272831)	(70.0, 0.5841337851568952)	(71.0, 0.44848660796964707)	(72.0, 0.3729046014926195)	(73.0, 0.28480901778429596)	(74.0, 0.20071777878998714)	(75.0, 0.17018465034562502)	(76.0, 0.1596732454713364)	(77.0, 0.13564717718724817)	(78.0, 0.09710535931485662)	(79.0, 0.0705765755845092)	(80.0, 0.06707277395974633)	(81.0, 0.062067343067227936)	(82.0, 0.05055485201443566)	(83.0, 0.036039102426132355)	(84.0, 0.031033671533613968)	(85.0, 0.03253530080136949)	(86.0, 0.03253530080136949)	(87.0, 0.03303584389062132)	(88.0, 0.02803041299810294)	(89.0, 0.02002172357007353)	(90.0, 0.022023895927080882)	(91.0, 0.02252443901633272)	(92.0, 0.01651792194531066)	(93.0, 0.01401520649905147)	(94.0, 0.016017378856058823)	(95.0, 0.015516835766806984)	(96.0, 0.015016292677555148)	(97.0, 0.01651792194531066)	(98.0, 0.02252443901633272)	(99.0, 0.03353638697987316)	(100.0, 0.13814989263350735)
SRR16013082_2.trimmed.fastq.gz	(0.0, 0.02008117020377103)	(1.0, 0.019552718356303372)	(2.0, 0.02483723683097996)	(3.0, 0.03804853301767143)	(4.0, 0.04016234040754206)	(5.0, 0.0396338885600744)	(6.0, 0.04967447366195992)	(7.0, 0.050202925509427586)	(8.0, 0.04914602181449227)	(9.0, 0.048617569967024606)	(10.0, 0.04808911811955695)	(11.0, 0.05390208844170119)	(12.0, 0.06394267354358671)	(13.0, 0.06447112539105437)	(14.0, 0.050202925509427586)	(15.0, 0.04808911811955695)	(16.0, 0.0576012513739748)	(17.0, 0.060771962458780755)	(18.0, 0.06869874017079564)	(19.0, 0.07451171049293988)	(20.0, 0.07134099940813393)	(21.0, 0.08402384374735775)	(22.0, 0.11097488796820833)	(23.0, 0.16223471717257124)	(24.0, 0.2277627462585609)	(25.0, 0.28483554578506803)	(26.0, 0.38312758941405256)	(27.0, 0.5670288323327978)	(28.0, 0.7202798680984189)	(29.0, 0.8391815337786421)	(30.0, 0.9850342436797159)	(31.0, 1.158366449649108)	(32.0, 1.3121459372621966)	(33.0, 1.4601124545531412)	(34.0, 1.6360869197598715)	(35.0, 1.7549885854400946)	(36.0, 1.9351906654265665)	(37.0, 2.109579775090894)	(38.0, 2.177221611566754)	(39.0, 2.293481018009639)	(40.0, 2.4742115498435786)	(41.0, 2.564576815760548)	(42.0, 2.572503593472563)	(43.0, 2.5751458527099014)	(44.0, 2.662340407542065)	(45.0, 2.7511203179166315)	(46.0, 2.7521772216115665)	(47.0, 2.733152955102731)	(48.0, 2.6766086074236917)	(49.0, 2.5365688678447618)	(50.0, 2.4382768242157775)	(51.0, 2.4324638538936334)	(52.0, 2.4382768242157775)	(53.0, 2.519658408725797)	(54.0, 2.5762027564048364)	(55.0, 2.471040838758772)	(56.0, 2.3103914771286043)	(57.0, 2.2353513147881965)	(58.0, 2.301407795721654)	(59.0, 2.722583918153378)	(60.0, 3.2404667286716835)	(61.0, 3.996152870550435)	(62.0, 4.224972520503932)	(63.0, 3.7197725543248494)	(64.0, 3.376278853470872)	(65.0, 2.471040838758772)	(66.0, 1.517713705927116)	(67.0, 1.1425128942250782)	(68.0, 0.9195062145937263)	(69.0, 0.754100786336349)	(70.0, 0.5717848989600068)	(71.0, 0.4306882556861419)	(72.0, 0.35459118965079905)	(73.0, 0.26211211634395876)	(74.0, 0.1791451762915363)	(75.0, 0.1432104506637355)	(76.0, 0.13475522110425298)	(77.0, 0.1305276063245117)	(78.0, 0.10938953242580537)	(79.0, 0.06817028832332797)	(80.0, 0.042804599644880356)	(81.0, 0.04597531072968631)	(82.0, 0.043333051492348014)	(83.0, 0.03170711084805953)	(84.0, 0.013739748034159128)	(85.0, 0.010569036949353175)	(86.0, 0.012154392491756151)	(87.0, 0.006341422169611905)	(88.0, 0.0026422592373382937)	(89.0, 0.002113807389870635)	(90.0, 0.0036991629322736114)	(91.0, 0.0036991629322736114)	(92.0, 0.0010569036949353175)	(93.0, 0.0005284518474676588)	(94.0, 0.0005284518474676588)	(95.0, 0.0)	(96.0, 0.0005284518474676588)	(97.0, 0.0010569036949353175)	(98.0, 0.0036991629322736114)	(99.0, 0.006341422169611905)	(100.0, 0.0332924663904625)
SRR16013083_1.fastq.gz	(0.0, 0.01299915505492143)	(1.0, 0.007499512531685441)	(2.0, 0.0014999025063370881)	(3.0, 0.0004999675021123627)	(4.0, 0.0039997400168989014)	(5.0, 0.005999610025348353)	(6.0, 0.004999675021123627)	(7.0, 0.00549964252323599)	(8.0, 0.0039997400168989014)	(9.0, 0.003499772514786539)	(10.0, 0.0039997400168989014)	(11.0, 0.0019998700084494507)	(12.0, 0.0024998375105618133)	(13.0, 0.0029998050126741763)	(14.0, 0.0029998050126741763)	(15.0, 0.0039997400168989014)	(16.0, 0.004999675021123627)	(17.0, 0.008999415038022528)	(18.0, 0.012499187552809068)	(19.0, 0.01649892756970797)	(20.0, 0.023498472599281048)	(21.0, 0.04299720518166319)	(22.0, 0.0709953852999555)	(23.0, 0.11499252548584343)	(24.0, 0.16248943818651787)	(25.0, 0.2174858634188778)	(26.0, 0.334978226415283)	(27.0, 0.46246993945393544)	(28.0, 0.6044607100538465)	(29.0, 0.7469514481558698)	(30.0, 0.8819426737262078)	(31.0, 1.040932339397939)	(32.0, 1.2139210951288166)	(33.0, 1.3864098833575818)	(34.0, 1.509401888877223)	(35.0, 1.6873903196292241)	(36.0, 1.8418802777819443)	(37.0, 1.9873708208966416)	(38.0, 2.1158624689395187)	(39.0, 2.2328548644338118)	(40.0, 2.3563468374555656)	(41.0, 2.443341182823117)	(42.0, 2.6173298735582184)	(43.0, 2.7103238289511182)	(44.0, 2.7918185317954336)	(45.0, 2.8338158019728716)	(46.0, 2.7713198642088264)	(47.0, 2.739321944073635)	(48.0, 2.6558273712208704)	(49.0, 2.607830491018084)	(50.0, 2.6458280211786236)	(51.0, 2.738821976571523)	(52.0, 2.7663201891877027)	(53.0, 2.7328223665461744)	(54.0, 2.573332733372331)	(55.0, 2.408343457675251)	(56.0, 2.3813452125611834)	(57.0, 2.562833415827971)	(58.0, 2.7673201241919276)	(59.0, 2.991305565138266)	(60.0, 3.5682680625759327)	(61.0, 4.694194877332973)	(62.0, 4.579702319349242)	(63.0, 3.752256103353282)	(64.0, 3.010304330218536)	(65.0, 1.8138820976636518)	(66.0, 1.3309134906231095)	(67.0, 1.1424257423267488)	(68.0, 0.9974351667141637)	(69.0, 0.7544509606875552)	(70.0, 0.526465779724318)	(71.0, 0.42497237679550826)	(72.0, 0.3829751066180698)	(73.0, 0.2924809887357322)	(74.0, 0.1689890157139786)	(75.0, 0.141990770599911)	(76.0, 0.1259918105323154)	(77.0, 0.10899291546049507)	(78.0, 0.07799493032952859)	(79.0, 0.048496847704899176)	(80.0, 0.03499772514786539)	(81.0, 0.038997465164764294)	(82.0, 0.03549769264997775)	(83.0, 0.018998765080269785)	(84.0, 0.009499382540134892)	(85.0, 0.013499122557033793)	(86.0, 0.011499252548584343)	(87.0, 0.003499772514786539)	(88.0, 0.0009999350042247254)	(89.0, 0.0009999350042247254)	(90.0, 0.0004999675021123627)	(91.0, 0.0)	(92.0, 0.0)	(93.0, 0.0)	(94.0, 0.0)	(95.0, 0.0)	(96.0, 0.0)	(97.0, 0.0)	(98.0, 0.0)	(99.0, 0.0004999675021123627)	(100.0, 0.0004999675021123627)
SRR16013083_1.trimmed.fastq.gz	(0.0, 0.012805053727871267)	(1.0, 0.007469614674591571)	(2.0, 0.0016006317159839084)	(3.0, 0.0005335439053279694)	(4.0, 0.0037348073372957856)	(5.0, 0.005335439053279694)	(6.0, 0.004801895147951725)	(7.0, 0.004801895147951725)	(8.0, 0.0032012634319678167)	(9.0, 0.0032012634319678167)	(10.0, 0.0032012634319678167)	(11.0, 0.0016006317159839084)	(12.0, 0.0010670878106559388)	(13.0, 0.0016006317159839084)	(14.0, 0.002667719526639847)	(15.0, 0.0037348073372957856)	(16.0, 0.0037348073372957856)	(17.0, 0.006936070769263603)	(18.0, 0.010137334201231418)	(19.0, 0.013338597633199235)	(20.0, 0.02187530011844675)	(21.0, 0.04321705633156552)	(22.0, 0.069894251597964)	(23.0, 0.1152454835508414)	(24.0, 0.1675327862729824)	(25.0, 0.22462198414307513)	(26.0, 0.3446693628418683)	(27.0, 0.4828572343218124)	(28.0, 0.6397191424882354)	(29.0, 0.7912456116013787)	(30.0, 0.9235645001227151)	(31.0, 1.1065700596502086)	(32.0, 1.3050483924322132)	(33.0, 1.4528400542080608)	(34.0, 1.5824912232027575)	(35.0, 1.748956921665084)	(36.0, 1.886077705334372)	(37.0, 2.0381377183528433)	(38.0, 2.1773926776434434)	(39.0, 2.2979736002475644)	(40.0, 2.408417188650454)	(41.0, 2.5023209159881765)	(42.0, 2.65117966557468)	(43.0, 2.720006829361988)	(44.0, 2.771760588178801)	(45.0, 2.8107092932677427)	(46.0, 2.7322783391845316)	(47.0, 2.6687866144505032)	(48.0, 2.598358818947211)	(49.0, 2.562077833384909)	(50.0, 2.6116974165804105)	(51.0, 2.7066682317287887)	(52.0, 2.723208092793956)	(53.0, 2.685860019420998)	(54.0, 2.549272779657038)	(55.0, 2.3635995006029047)	(56.0, 2.300641319774204)	(57.0, 2.481512703680386)	(58.0, 2.686927107231654)	(59.0, 2.92702186462924)	(60.0, 3.512319528774023)	(61.0, 4.615688324992264)	(62.0, 4.520717509843885)	(63.0, 3.7316060738638184)	(64.0, 2.9841110624993332)	(65.0, 1.7895062584700094)	(66.0, 1.3247895169293482)	(67.0, 1.1439181330231665)	(68.0, 0.9913245760993672)	(69.0, 0.7474950113644852)	(70.0, 0.5196717637894422)	(71.0, 0.4268351242623755)	(72.0, 0.38521869964679395)	(73.0, 0.2833118137291518)	(74.0, 0.16273089112503067)	(75.0, 0.1429897666278958)	(76.0, 0.13605369585863222)	(77.0, 0.12805053727871266)	(78.0, 0.10617523716026592)	(79.0, 0.08056512970452338)	(80.0, 0.054421478343452886)	(81.0, 0.054955022248780856)	(82.0, 0.05655565396476476)	(83.0, 0.032546178225006134)	(84.0, 0.0192075805918069)	(85.0, 0.021341756213118776)	(86.0, 0.016539861065167055)	(87.0, 0.0064025268639356335)	(88.0, 0.0032012634319678167)	(89.0, 0.0016006317159839084)	(90.0, 0.0005335439053279694)	(91.0, 0.0016006317159839084)	(92.0, 0.0032012634319678167)	(93.0, 0.004268351242623755)	(94.0, 0.004801895147951725)	(95.0, 0.004801895147951725)	(96.0, 0.002667719526639847)	(97.0, 0.0005335439053279694)	(98.0, 0.0)	(99.0, 0.0)	(100.0, 0.0)
SRR16013083_2.fastq.gz	(0.0, 0.026114905584572117)	(1.0, 0.03264363198071515)	(2.0, 0.03565689031739654)	(3.0, 0.051727601446364)	(4.0, 0.06428284451586982)	(5.0, 0.06679389312977099)	(6.0, 0.06880273202089193)	(7.0, 0.06930494174367215)	(8.0, 0.07985134592205705)	(9.0, 0.08587786259541985)	(10.0, 0.08587786259541985)	(11.0, 0.07784250703093612)	(12.0, 0.08035355564483729)	(13.0, 0.08688228204098031)	(14.0, 0.08386902370429893)	(15.0, 0.08186018481317799)	(16.0, 0.08788670148654078)	(17.0, 0.08537565287263961)	(18.0, 0.07734029730815589)	(19.0, 0.08838891120932102)	(20.0, 0.09742868621936521)	(21.0, 0.11601044596223384)	(22.0, 0.14965849738850942)	(23.0, 0.17878666130976298)	(24.0, 0.22649658497388508)	(25.0, 0.3118722378465247)	(26.0, 0.39674568099638413)	(27.0, 0.5007030936118924)	(28.0, 0.6418240257131378)	(29.0, 0.762856568903174)	(30.0, 0.9009642426677381)	(31.0, 1.064684612294094)	(32.0, 1.2012856568903174)	(33.0, 1.3609883487344316)	(34.0, 1.4965849738850945)	(35.0, 1.61661309762957)	(36.0, 1.8039373242265968)	(37.0, 1.9229610285255123)	(38.0, 2.041984732824427)	(39.0, 2.189634391321816)	(40.0, 2.2704901566894335)	(41.0, 2.32824427480916)	(42.0, 2.4191442346323826)	(43.0, 2.469867416633186)	(44.0, 2.4804138208115707)	(45.0, 2.5266171153073524)	(46.0, 2.6195259140216955)	(47.0, 2.6004419445560463)	(48.0, 2.5055243069505826)	(49.0, 2.4467657693852956)	(50.0, 2.439734833266372)	(51.0, 2.4618320610687023)	(52.0, 2.404580152671756)	(53.0, 2.420650863800723)	(54.0, 2.4733828846926476)	(55.0, 2.458818802732021)	(56.0, 2.3478304539975894)	(57.0, 2.2378465247087185)	(58.0, 2.3197067095218964)	(59.0, 2.707914825231016)	(60.0, 3.2121333869023703)	(61.0, 3.9840297308155885)	(62.0, 4.175371635194857)	(63.0, 3.610385697067095)	(64.0, 3.265367617517075)	(65.0, 2.506528726396143)	(66.0, 1.5382683808758537)	(67.0, 1.0892928887103255)	(68.0, 0.929087987143431)	(69.0, 0.7804339092004821)	(70.0, 0.5885897950984331)	(71.0, 0.43340699075934114)	(72.0, 0.37766171153073524)	(73.0, 0.33095620731217357)	(74.0, 0.2556247488951386)	(75.0, 0.20640819606267574)	(76.0, 0.18280433909200483)	(77.0, 0.17627561269586178)	(78.0, 0.15869827239855364)	(79.0, 0.12002812374447569)	(80.0, 0.09491763760546404)	(81.0, 0.09290879871434311)	(82.0, 0.09391321815990358)	(83.0, 0.08286460425873846)	(84.0, 0.08487344314985938)	(85.0, 0.08587786259541985)	(86.0, 0.07683808758537565)	(87.0, 0.07633587786259542)	(88.0, 0.07282040980313378)	(89.0, 0.07231820008035356)	(90.0, 0.07734029730815589)	(91.0, 0.08135797509039774)	(92.0, 0.08537565287263961)	(93.0, 0.08838891120932102)	(94.0, 0.1019485737243873)	(95.0, 0.12354359180393733)	(96.0, 0.13961430293290478)	(97.0, 0.16020490156689432)	(98.0, 0.19485737243873041)	(99.0, 0.2536159100040177)	(100.0, 0.6006428284451587)
SRR16013083_2.trimmed.fastq.gz	(0.0, 0.02026353257362861)	(1.0, 0.02666254286003765)	(2.0, 0.0271957937172384)	(3.0, 0.04212681771885948)	(4.0, 0.0554580891488783)	(5.0, 0.054924838291677554)	(6.0, 0.05599134000607906)	(7.0, 0.05065883143407153)	(8.0, 0.05065883143407153)	(9.0, 0.05279183486287454)	(10.0, 0.04959232971967002)	(11.0, 0.04052706514725722)	(12.0, 0.03786081086125346)	(13.0, 0.041060316004457975)	(14.0, 0.03572780743245045)	(15.0, 0.028262295431639908)	(16.0, 0.0271957937172384)	(17.0, 0.028262295431639908)	(18.0, 0.03092854971764367)	(19.0, 0.03039529886044292)	(20.0, 0.0362610582896512)	(21.0, 0.054924838291677554)	(22.0, 0.0805208794373137)	(23.0, 0.11358243258376037)	(24.0, 0.16370801316063116)	(25.0, 0.2586266657423652)	(26.0, 0.3615440811821105)	(27.0, 0.4852582800526852)	(28.0, 0.6532323000709224)	(29.0, 0.7860117635139099)	(30.0, 0.9278564915293102)	(31.0, 1.1192935492643803)	(32.0, 1.2910003252830229)	(33.0, 1.448309328157245)	(34.0, 1.5816220424574332)	(35.0, 1.694671224183993)	(36.0, 1.8919740413482715)	(37.0, 2.031685765934869)	(38.0, 2.1511339579478372)	(39.0, 2.2940451876776393)	(40.0, 2.3862975859733697)	(41.0, 2.47161772312549)	(42.0, 2.5478725957051975)	(43.0, 2.572402135136432)	(44.0, 2.5585376128492126)	(45.0, 2.6006644305680724)	(46.0, 2.6865178185773932)	(47.0, 2.645457502572935)	(48.0, 2.564403372278421)	(49.0, 2.5068122797007395)	(50.0, 2.4982802659855277)	(51.0, 2.536674327703982)	(52.0, 2.4838824928411074)	(53.0, 2.4924145065563192)	(54.0, 2.5489390974195993)	(55.0, 2.5228098054167623)	(56.0, 2.3772323214009563)	(57.0, 2.2807139162476204)	(58.0, 2.3777655722581574)	(59.0, 2.7803699694447257)	(60.0, 3.341883122077119)	(61.0, 4.207882514171142)	(62.0, 4.430781372481056)	(63.0, 3.835140164987815)	(64.0, 3.4581318089468827)	(65.0, 2.6305264785713143)	(66.0, 1.5960198156018537)	(67.0, 1.1235595561219864)	(68.0, 0.953985783532147)	(69.0, 0.7801460040847016)	(70.0, 0.5673789120616012)	(71.0, 0.4122029126161821)	(72.0, 0.34394680289448565)	(73.0, 0.28422270688800133)	(74.0, 0.21170059030869892)	(75.0, 0.16370801316063116)	(76.0, 0.14397773144420328)	(77.0, 0.14131147715819953)	(78.0, 0.12264769715617319)	(79.0, 0.08585338800932123)	(80.0, 0.06665635715009412)	(81.0, 0.058657594292082824)	(82.0, 0.056524590863279815)	(83.0, 0.03679430914685195)	(84.0, 0.01973028171642786)	(85.0, 0.018663780002026356)	(86.0, 0.015464274858821835)	(87.0, 0.011198268001215811)	(88.0, 0.004799257714806777)	(89.0, 0.0015997525716022587)	(90.0, 0.0015997525716022587)	(91.0, 0.0058657594292082825)	(92.0, 0.011731518858416565)	(93.0, 0.01599752571602259)	(94.0, 0.020796783430829364)	(95.0, 0.022396536002431622)	(96.0, 0.02559604114563614)	(97.0, 0.0271957937172384)	(98.0, 0.024529539431234638)	(99.0, 0.028795546288840658)	(100.0, 0.03892731257565497)
SRR16013084_1.fastq.gz	(0.0, 0.00999950002499875)	(1.0, 0.005499725013749313)	(2.0, 0.002999850007499625)	(3.0, 0.002999850007499625)	(4.0, 0.0039998000099995)	(5.0, 0.004999750012499375)	(6.0, 0.0039998000099995)	(7.0, 0.004999750012499375)	(8.0, 0.005499725013749313)	(9.0, 0.0039998000099995)	(10.0, 0.0024998750062496873)	(11.0, 0.0024998750062496873)	(12.0, 0.00199990000499975)	(13.0, 0.0034998250087495625)	(14.0, 0.0039998000099995)	(15.0, 0.0034998250087495625)	(16.0, 0.004999750012499375)	(17.0, 0.006499675016249187)	(18.0, 0.007499625018749062)	(19.0, 0.010499475026248688)	(20.0, 0.0199990000499975)	(21.0, 0.04499775011249437)	(22.0, 0.06949652517374132)	(23.0, 0.09899505024748763)	(24.0, 0.1664916754162292)	(25.0, 0.24298785060746964)	(26.0, 0.3324833758312084)	(27.0, 0.46247687615619215)	(28.0, 0.6114694265286735)	(29.0, 0.7424628768561572)	(30.0, 0.8679566021698915)	(31.0, 1.0229488525573722)	(32.0, 1.2014399280035999)	(33.0, 1.375931203439828)	(34.0, 1.496425178741063)	(35.0, 1.6494175291235438)	(36.0, 1.8234088295585222)	(37.0, 1.9469026548672566)	(38.0, 2.046897655117244)	(39.0, 2.1643917804109796)	(40.0, 2.339383030848458)	(41.0, 2.4363781810909457)	(42.0, 2.5743712814359285)	(43.0, 2.7333633318334085)	(44.0, 2.806859657017149)	(45.0, 2.8573571321433926)	(46.0, 2.788860556972151)	(47.0, 2.737863106844658)	(48.0, 2.726863656817159)	(49.0, 2.6268686565671717)	(50.0, 2.5953702314884257)	(51.0, 2.688365581720914)	(52.0, 2.743862806859657)	(53.0, 2.63936803159842)	(54.0, 2.4698765061746912)	(55.0, 2.4028798560071998)	(56.0, 2.3448827558622067)	(57.0, 2.4863756812159394)	(58.0, 2.7318634068296586)	(59.0, 3.0218489075546224)	(60.0, 3.5993200339983003)	(61.0, 4.821758912054397)	(62.0, 4.727763611819409)	(63.0, 3.873806309684516)	(64.0, 3.168341582920854)	(65.0, 1.8444077796110194)	(66.0, 1.2624368781560922)	(67.0, 1.1309434528273588)	(68.0, 1.031448427578621)	(69.0, 0.7884605769711515)	(70.0, 0.5344732763361831)	(71.0, 0.42497875106244687)	(72.0, 0.4069796510174491)	(73.0, 0.30548472576371183)	(74.0, 0.1824908754562272)	(75.0, 0.14199290035498224)	(76.0, 0.10499475026248686)	(77.0, 0.0984950752462377)	(78.0, 0.08449577521123944)	(79.0, 0.06049697515124244)	(80.0, 0.03549822508874556)	(81.0, 0.032998350082495874)	(82.0, 0.029498525073746312)	(83.0, 0.020498975051247436)	(84.0, 0.01399930003499825)	(85.0, 0.010499475026248688)	(86.0, 0.011499425028748561)	(87.0, 0.00999950002499875)	(88.0, 0.0024998750062496873)	(89.0, 0.000999950002499875)	(90.0, 0.0004999750012499375)	(91.0, 0.0)	(92.0, 0.0004999750012499375)	(93.0, 0.0004999750012499375)	(94.0, 0.0)	(95.0, 0.0)	(96.0, 0.0)	(97.0, 0.0)	(98.0, 0.0)	(99.0, 0.0)	(100.0, 0.0)
SRR16013084_1.trimmed.fastq.gz	(0.0, 0.0106781706158101)	(1.0, 0.005872993838695555)	(2.0, 0.002669542653952525)	(3.0, 0.002669542653952525)	(4.0, 0.00427126824632404)	(5.0, 0.00533908530790505)	(6.0, 0.00427126824632404)	(7.0, 0.004805176777114544)	(8.0, 0.00427126824632404)	(9.0, 0.00213563412316202)	(10.0, 0.001601725592371515)	(11.0, 0.002669542653952525)	(12.0, 0.00213563412316202)	(13.0, 0.002669542653952525)	(14.0, 0.002669542653952525)	(15.0, 0.00320345118474303)	(16.0, 0.00533908530790505)	(17.0, 0.00640690236948606)	(18.0, 0.006940810900276565)	(19.0, 0.009610353554229088)	(20.0, 0.018686798577667675)	(21.0, 0.0432465909940309)	(22.0, 0.06727247487960362)	(23.0, 0.10144262085019595)	(24.0, 0.1708507298529616)	(25.0, 0.25093700947153735)	(26.0, 0.3497100876677808)	(27.0, 0.4943992995120076)	(28.0, 0.6476310478488826)	(29.0, 0.7848455402620423)	(30.0, 0.9151192217749256)	(31.0, 1.080630866319982)	(32.0, 1.286719559205117)	(33.0, 1.4757231791049557)	(34.0, 1.591047421755705)	(35.0, 1.727728005638074)	(36.0, 1.8825614795673205)	(37.0, 1.9637155762474774)	(38.0, 2.0582173861973967)	(39.0, 2.216254311311386)	(40.0, 2.386571132633557)	(41.0, 2.489081570545334)	(42.0, 2.6257621544277034)	(43.0, 2.769383549210349)	(44.0, 2.827045670535724)	(45.0, 2.8243761278817714)	(46.0, 2.7474932994479384)	(47.0, 2.694102446368888)	(48.0, 2.6679409283601534)	(49.0, 2.5664983075099577)	(50.0, 2.5462097833399184)	(51.0, 2.657262757744343)	(52.0, 2.72827259233948)	(53.0, 2.629499514143237)	(54.0, 2.435690717466284)	(55.0, 2.3454601757626885)	(56.0, 2.299010133583914)	(57.0, 2.4469027966128842)	(58.0, 2.672746105137268)	(59.0, 2.965861888541255)	(60.0, 3.522194577624961)	(61.0, 4.724556588965179)	(62.0, 4.618842699868658)	(63.0, 3.782741940650728)	(64.0, 3.11909363687813)	(65.0, 1.8131533705645548)	(66.0, 1.2557528644192677)	(67.0, 1.124945274375594)	(68.0, 1.0389860009183227)	(69.0, 0.805667972962872)	(70.0, 0.5520614208373822)	(71.0, 0.4426101720253286)	(72.0, 0.40844002605473634)	(73.0, 0.3037939540197973)	(74.0, 0.1724524554453331)	(75.0, 0.1292058644513022)	(76.0, 0.09930698672703392)	(77.0, 0.10678170615810101)	(78.0, 0.11158688293521554)	(79.0, 0.07634891990304221)	(80.0, 0.0432465909940309)	(81.0, 0.0437804995248214)	(82.0, 0.04111095687086888)	(83.0, 0.03523796303217333)	(84.0, 0.02616151800873474)	(85.0, 0.018686798577667675)	(86.0, 0.017618981516086665)	(87.0, 0.014415530331343632)	(88.0, 0.00533908530790505)	(89.0, 0.002669542653952525)	(90.0, 0.00106781706158101)	(91.0, 0.0)	(92.0, 0.0)	(93.0, 0.0)	(94.0, 0.0)	(95.0, 0.0)	(96.0, 0.0)	(97.0, 0.0)	(98.0, 0.0)	(99.0, 0.0)	(100.0, 0.0)
SRR16013084_2.fastq.gz	(0.0, 0.03712026967374293)	(1.0, 0.03712026967374293)	(2.0, 0.04464464866166379)	(3.0, 0.055680404510614394)	(4.0, 0.06320478349853526)	(5.0, 0.06721778562542638)	(6.0, 0.06872266142301056)	(7.0, 0.07775191620851558)	(8.0, 0.08126329306954533)	(9.0, 0.08176491833540672)	(10.0, 0.08126329306954533)	(11.0, 0.07775191620851558)	(12.0, 0.08026004253782255)	(13.0, 0.08928929732332758)	(14.0, 0.09029254785505036)	(15.0, 0.07624704041093142)	(16.0, 0.06972591195473334)	(17.0, 0.07775191620851558)	(18.0, 0.08577792046229785)	(19.0, 0.09430554998194149)	(20.0, 0.10684618162847626)	(21.0, 0.1158754364139813)	(22.0, 0.13293069545326858)	(23.0, 0.15851358401219953)	(24.0, 0.2327541233596854)	(25.0, 0.32254504594887434)	(26.0, 0.4248766001845981)	(27.0, 0.528713030217906)	(28.0, 0.6144909506802039)	(29.0, 0.7092981259280068)	(30.0, 0.8698182110036519)	(31.0, 1.0774910710702676)	(32.0, 1.2350014045507445)	(33.0, 1.3478670893695575)	(34.0, 1.4592278983907863)	(35.0, 1.6031943496930052)	(36.0, 1.7451542999317788)	(37.0, 1.867049239536097)	(38.0, 1.9964685581283357)	(39.0, 2.1283960030498816)	(40.0, 2.23975681207111)	(41.0, 2.343593242104418)	(42.0, 2.414824029856736)	(43.0, 2.4790320638869936)	(44.0, 2.5648099843492917)	(45.0, 2.64707652795056)	(46.0, 2.6184838877964607)	(47.0, 2.578353866527549)	(48.0, 2.5457482242465588)	(49.0, 2.4288695373008546)	(50.0, 2.339078614711666)	(51.0, 2.3114892250892893)	(52.0, 2.352622496889923)	(53.0, 2.3962638950198643)	(54.0, 2.4429150447449737)	(55.0, 2.43438741522533)	(56.0, 2.317508728279626)	(57.0, 2.2206950519683777)	(58.0, 2.2783819575424373)	(59.0, 2.7479032063886994)	(60.0, 3.2746097355431596)	(61.0, 4.058650026084514)	(62.0, 4.259801757694932)	(63.0, 3.625245796380272)	(64.0, 3.333801516914804)	(65.0, 2.5557807295637867)	(66.0, 1.5751033348047676)	(67.0, 1.169288494722902)	(68.0, 0.9495766282756131)	(69.0, 0.7714996588948192)	(70.0, 0.604458445362976)	(71.0, 0.4604919940607568)	(72.0, 0.4073197158794494)	(73.0, 0.33608892812713187)	(74.0, 0.25081263293069544)	(75.0, 0.220715116979012)	(76.0, 0.2156988643203981)	(77.0, 0.19463060315421968)	(78.0, 0.1494843292266945)	(79.0, 0.10885268269192183)	(80.0, 0.10233155423572374)	(81.0, 0.11186243428709017)	(82.0, 0.10734780689433765)	(83.0, 0.09631205104538705)	(84.0, 0.09229904891849593)	(85.0, 0.09480717524780288)	(86.0, 0.0887876720574662)	(87.0, 0.08577792046229785)	(88.0, 0.08326979413299089)	(89.0, 0.07524378987920863)	(90.0, 0.08326979413299089)	(91.0, 0.08377141939885227)	(92.0, 0.08477466993057506)	(93.0, 0.10132830370400095)	(94.0, 0.11236405955295156)	(95.0, 0.12089168907259522)	(96.0, 0.13543882178257555)	(97.0, 0.15299570608772423)	(98.0, 0.16954933986115012)	(99.0, 0.21319073799109114)	(100.0, 0.46701312251695487)
SRR16013084_2.trimmed.fastq.gz	(0.0, 0.028839067323200494)	(1.0, 0.03097529453232646)	(2.0, 0.03524774895057838)	(3.0, 0.04486077139164522)	(4.0, 0.055007850634993534)	(5.0, 0.05607596423955652)	(6.0, 0.05607596423955652)	(7.0, 0.06195058906465292)	(8.0, 0.06355275947149738)	(9.0, 0.06088247546008994)	(10.0, 0.04913322580989714)	(11.0, 0.045928884996208195)	(12.0, 0.05233756662358608)	(13.0, 0.05073539621674161)	(14.0, 0.04325860098480074)	(15.0, 0.038452089764267325)	(16.0, 0.03578180575285987)	(17.0, 0.03204340813688944)	(18.0, 0.033645578543733914)	(19.0, 0.04112237377567478)	(20.0, 0.05233756662358608)	(21.0, 0.05821219144868248)	(22.0, 0.07797229313309764)	(23.0, 0.11322004208367603)	(24.0, 0.18478365358939577)	(25.0, 0.27664142358181215)	(26.0, 0.398406374501992)	(27.0, 0.5153648142016385)	(28.0, 0.6109609818100253)	(29.0, 0.7316578191256422)	(30.0, 0.8988175982397487)	(31.0, 1.1038954103158412)	(32.0, 1.2828044390801405)	(33.0, 1.4195229804642022)	(34.0, 1.5573096354528269)	(35.0, 1.716458562532711)	(36.0, 1.8446321950802689)	(37.0, 1.9450348739091892)	(38.0, 2.0844236993046583)	(39.0, 2.2430385695822608)	(40.0, 2.3594629524796256)	(41.0, 2.4603996881108277)	(42.0, 2.526088674791451)	(43.0, 2.5976522862971705)	(44.0, 2.686305715475898)	(45.0, 2.7247578052401655)	(46.0, 2.6766926930348314)	(47.0, 2.635036262456875)	(48.0, 2.5891073774606665)	(49.0, 2.470546767354176)	(50.0, 2.3813592813731668)	(51.0, 2.3808252245708856)	(52.0, 2.4267541095670935)	(53.0, 2.458797517703983)	(54.0, 2.526088674791451)	(55.0, 2.4929771530499982)	(56.0, 2.3535883276545295)	(57.0, 2.2782863185328392)	(58.0, 2.34664558922487)	(59.0, 2.8347735065101523)	(60.0, 3.3966012625102806)	(61.0, 4.27779498627474)	(62.0, 4.5207908313128184)	(63.0, 3.841470578810762)	(64.0, 3.5343879174989055)	(65.0, 2.6889759994873055)	(66.0, 1.6203283381220426)	(67.0, 1.1904126122854428)	(68.0, 0.9693130961409056)	(69.0, 0.796812749003984)	(70.0, 0.6104269250077439)	(71.0, 0.43792657787082234)	(72.0, 0.38398684084039175)	(73.0, 0.30708266131185713)	(74.0, 0.20347564166924795)	(75.0, 0.1612851542890102)	(76.0, 0.1532743022547878)	(77.0, 0.1367185413840616)	(78.0, 0.10787947406086112)	(79.0, 0.06568898668062334)	(80.0, 0.04806511220533416)	(81.0, 0.04646294179848969)	(82.0, 0.04646294179848969)	(83.0, 0.045394828193926706)	(84.0, 0.03471369214829689)	(85.0, 0.025100669707230062)	(86.0, 0.01762387447528919)	(87.0, 0.011215192847911304)	(88.0, 0.004806511220533416)	(89.0, 0.0026702840114074533)	(90.0, 0.0)	(91.0, 0.0)	(92.0, 0.0)	(93.0, 0.0)	(94.0, 0.0005340568022814906)	(95.0, 0.0016021704068444722)	(96.0, 0.0037383976159704345)	(97.0, 0.00801085203422236)	(98.0, 0.010681136045629813)	(99.0, 0.013351420057037267)	(100.0, 0.037383976159704346)
SRR16013090_1.fastq.gz	(0.0, 0.023997120345558533)	(1.0, 0.016997960244770627)	(2.0, 0.011998560172779267)	(3.0, 0.013998320201575811)	(4.0, 0.01149862016558013)	(5.0, 0.009498860136783586)	(6.0, 0.009998800143982722)	(7.0, 0.006999160100787906)	(8.0, 0.004499460064792225)	(9.0, 0.0029996400431948167)	(10.0, 0.0024997000359956805)	(11.0, 0.003499580050393953)	(12.0, 0.0039995200575930895)	(13.0, 0.004499460064792225)	(14.0, 0.003499580050393953)	(15.0, 0.003499580050393953)	(16.0, 0.008498980122385313)	(17.0, 0.013498380194376674)	(18.0, 0.016498020237571492)	(19.0, 0.02199736031676199)	(20.0, 0.031996160460744716)	(21.0, 0.049994000719913605)	(22.0, 0.06749190097188337)	(23.0, 0.0969883613966324)	(24.0, 0.15298164220293564)	(25.0, 0.21997360316761988)	(26.0, 0.30046394432668083)	(27.0, 0.3984521857377115)	(28.0, 0.4954405471343438)	(29.0, 0.6214254289485261)	(30.0, 0.7499100107987042)	(31.0, 0.8234011918569771)	(32.0, 0.9503859536855577)	(33.0, 1.079870415550134)	(34.0, 1.1918569771627405)	(35.0, 1.3168419789625245)	(36.0, 1.4303283605967283)	(37.0, 1.5643122825260969)	(38.0, 1.6842978842538894)	(39.0, 1.806783186017678)	(40.0, 1.9737631484221894)	(41.0, 2.119245690517138)	(42.0, 2.185237771467424)	(43.0, 2.2437307523097227)	(44.0, 2.270227572691277)	(45.0, 2.3717153941527016)	(46.0, 2.5251969763628366)	(47.0, 2.5251969763628366)	(48.0, 2.505199376074871)	(49.0, 2.4812022557293125)	(50.0, 2.422209334879814)	(51.0, 2.472203335599728)	(52.0, 2.555693316801984)	(53.0, 2.6211854577450704)	(54.0, 2.513198416190057)	(55.0, 2.3982122145342557)	(56.0, 2.5296964364276286)	(57.0, 2.950645922489301)	(58.0, 3.324601047874255)	(59.0, 3.7485501739791225)	(60.0, 4.768927728672559)	(61.0, 6.404231492220934)	(62.0, 6.169759628844538)	(63.0, 4.934907811062673)	(64.0, 3.6895572531296246)	(65.0, 1.8062832460104787)	(66.0, 1.1528616566012078)	(67.0, 1.076870775506939)	(68.0, 0.8958924929008519)	(69.0, 0.6299244090709114)	(70.0, 0.4404471463424389)	(71.0, 0.39695236571611403)	(72.0, 0.3964524257089149)	(73.0, 0.2739671239451266)	(74.0, 0.1409830820301564)	(75.0, 0.13198416190057194)	(76.0, 0.12048554173499179)	(77.0, 0.1049874015118186)	(78.0, 0.095488541375035)	(79.0, 0.07649082110146782)	(80.0, 0.0594928608566972)	(81.0, 0.062492500899892015)	(82.0, 0.07099148102227733)	(83.0, 0.054493460784705836)	(84.0, 0.025996880374355078)	(85.0, 0.016498020237571492)	(86.0, 0.017497900251969765)	(87.0, 0.015498140223173218)	(88.0, 0.003499580050393953)	(89.0, 0.0004999400071991362)	(90.0, 0.0)	(91.0, 0.0004999400071991362)	(92.0, 0.0004999400071991362)	(93.0, 0.0)	(94.0, 0.0)	(95.0, 0.0)	(96.0, 0.0)	(97.0, 0.0)	(98.0, 0.0)	(99.0, 0.0)	(100.0, 0.0)
SRR16013090_1.trimmed.fastq.gz	(0.0, 0.02711741842176625)	(1.0, 0.018643225164964295)	(2.0, 0.012428816776642863)	(3.0, 0.015818494079363647)	(4.0, 0.014688601645123384)	(5.0, 0.010733978125282474)	(6.0, 0.009039139473922082)	(7.0, 0.006779354605441563)	(8.0, 0.004519569736961041)	(9.0, 0.0022597848684805205)	(10.0, 0.0016948386513603907)	(11.0, 0.002824731085600651)	(12.0, 0.0022597848684805205)	(13.0, 0.003954623519840912)	(14.0, 0.004519569736961041)	(15.0, 0.0033896773027207814)	(16.0, 0.005649462171201302)	(17.0, 0.009039139473922082)	(18.0, 0.016948386513603905)	(19.0, 0.023162794901925337)	(20.0, 0.03276688059296755)	(21.0, 0.05197505197505198)	(22.0, 0.07061827714001627)	(23.0, 0.10507999638434422)	(24.0, 0.15592515592515593)	(25.0, 0.23501762632197415)	(26.0, 0.3338832143179969)	(27.0, 0.4417879417879418)	(28.0, 0.5621214860345295)	(29.0, 0.6999683630118413)	(30.0, 0.8366853475549129)	(31.0, 0.9395055590707765)	(32.0, 1.0784823284823286)	(33.0, 1.1920365181234747)	(34.0, 1.2829928590798156)	(35.0, 1.3954171562867215)	(36.0, 1.5033218837566662)	(37.0, 1.635519298562777)	(38.0, 1.7434240260327218)	(39.0, 1.8891801500497154)	(40.0, 2.0648784235740756)	(41.0, 2.1603543342673777)	(42.0, 2.2253231492361927)	(43.0, 2.2869022869022873)	(44.0, 2.302155834764531)	(45.0, 2.4072358311488746)	(46.0, 2.5117508813160985)	(47.0, 2.4552562596040857)	(48.0, 2.4270089487480795)	(49.0, 2.4501717436500043)	(50.0, 2.393112175720871)	(51.0, 2.42983367983368)	(52.0, 2.528699267829703)	(53.0, 2.5761547500677935)	(54.0, 2.461470667992407)	(55.0, 2.3501762632197414)	(56.0, 2.455821205821206)	(57.0, 2.842244418331375)	(58.0, 3.2224532224532227)	(59.0, 3.685144174274609)	(60.0, 4.681144355057398)	(61.0, 6.221752689143994)	(62.0, 5.99012474012474)	(63.0, 4.795263490915665)	(64.0, 3.5840188014101058)	(65.0, 1.7552878965922443)	(66.0, 1.141191358582663)	(67.0, 1.0643586730543253)	(68.0, 0.8773614751875621)	(69.0, 0.6491232034710296)	(70.0, 0.4491322426105035)	(71.0, 0.39376751333273075)	(72.0, 0.3903778360300099)	(73.0, 0.24857633553285727)	(74.0, 0.12654795263490917)	(75.0, 0.1197685980294676)	(76.0, 0.1028202115158637)	(77.0, 0.10564494260146434)	(78.0, 0.1107294585555455)	(79.0, 0.08078730904817862)	(80.0, 0.06214408388321432)	(81.0, 0.07005333092289613)	(82.0, 0.09886558799602277)	(83.0, 0.09660580312754226)	(84.0, 0.058189460363373406)	(85.0, 0.04011118141552924)	(86.0, 0.030507095724487027)	(87.0, 0.021467956250564947)	(88.0, 0.011298924342402605)	(89.0, 0.005084515954081171)	(90.0, 0.0005649462171201301)	(91.0, 0.0)	(92.0, 0.0)	(93.0, 0.0)	(94.0, 0.0)	(95.0, 0.0)	(96.0, 0.0)	(97.0, 0.0)	(98.0, 0.0)	(99.0, 0.0)	(100.0, 0.0)
SRR16013090_2.fastq.gz	(0.0, 0.029115735046811076)	(1.0, 0.030621721342335782)	(2.0, 0.03764965738811777)	(3.0, 0.05070153861599859)	(4.0, 0.06475741070756257)	(5.0, 0.08232725082201751)	(6.0, 0.09186516402700735)	(7.0, 0.09889310007278934)	(8.0, 0.10742702241409603)	(9.0, 0.12298888080118471)	(10.0, 0.12600085339223413)	(11.0, 0.12549885796039256)	(12.0, 0.14457468437037221)	(13.0, 0.15561858387088678)	(14.0, 0.15561858387088678)	(15.0, 0.15260661127983735)	(16.0, 0.1721844331216586)	(17.0, 0.18322833262217314)	(18.0, 0.17971436459928214)	(19.0, 0.1867423006450641)	(20.0, 0.20330814989583593)	(21.0, 0.22790592605607288)	(22.0, 0.2786074646720715)	(23.0, 0.34989081599357447)	(24.0, 0.4000903591777315)	(25.0, 0.44526994804347275)	(26.0, 0.5491830024346779)	(27.0, 0.6877337416229512)	(28.0, 0.7795989056499586)	(29.0, 0.8689540925177581)	(30.0, 0.9688511834542305)	(31.0, 0.9959589367736754)	(32.0, 1.0702542606862278)	(33.0, 1.2308927988755303)	(34.0, 1.3729575060866945)	(35.0, 1.480886523932632)	(36.0, 1.6053813910293417)	(37.0, 1.7037724956702895)	(38.0, 1.7825857784694161)	(39.0, 1.8373032805401472)	(40.0, 1.8895108054516705)	(41.0, 1.9949298461384002)	(42.0, 2.0481413619136064)	(43.0, 2.053663311663864)	(44.0, 2.07474711980121)	(45.0, 2.2117918726939587)	(46.0, 2.3152029316533222)	(47.0, 2.310182977334906)	(48.0, 2.2936171280841346)	(49.0, 2.2424135940362944)	(50.0, 2.174644210737682)	(51.0, 2.207775909239226)	(52.0, 2.316708917948847)	(53.0, 2.373434401746944)	(54.0, 2.4748374789789414)	(55.0, 2.433171858136091)	(56.0, 2.3076730001756984)	(57.0, 2.345322657563816)	(58.0, 2.5330689490725633)	(59.0, 3.075726010893301)	(60.0, 3.7955874601541124)	(61.0, 5.019452322983861)	(62.0, 5.2297884089254785)	(63.0, 4.364348284430611)	(64.0, 3.920584322682664)	(65.0, 2.7424010441504985)	(66.0, 1.5019703320699782)	(67.0, 1.022062699229437)	(68.0, 0.7775909239225923)	(69.0, 0.6018925227780427)	(70.0, 0.4673577470445019)	(71.0, 0.39758038201852364)	(72.0, 0.3659546698125047)	(73.0, 0.3217790718104465)	(74.0, 0.23192188951080545)	(75.0, 0.18523631434953944)	(76.0, 0.18122035089480687)	(77.0, 0.15361060214352049)	(78.0, 0.12951482141512513)	(79.0, 0.1114429858688286)	(80.0, 0.1114429858688286)	(81.0, 0.11345096759619487)	(82.0, 0.11897291734645214)	(83.0, 0.09939509550463091)	(84.0, 0.05873346552546373)	(85.0, 0.05873346552546373)	(86.0, 0.05923546095730529)	(87.0, 0.042167616274691906)	(88.0, 0.036143671092593053)	(89.0, 0.03363369393338521)	(90.0, 0.03363369393338521)	(91.0, 0.03865364825180091)	(92.0, 0.035641675660751486)	(93.0, 0.03513968022890992)	(94.0, 0.03915564368364248)	(95.0, 0.04166562084285033)	(96.0, 0.040159634547325615)	(97.0, 0.04467759343389975)	(98.0, 0.05973745638914686)	(99.0, 0.09236715945884892)	(100.0, 0.471875705931076)
SRR16013090_2.trimmed.fastq.gz	(0.0, 0.030568229420222585)	(1.0, 0.03170038606541602)	(2.0, 0.04075763922696344)	(3.0, 0.05151312735630102)	(4.0, 0.0622686154856386)	(5.0, 0.07868488684094331)	(6.0, 0.08208135677652359)	(7.0, 0.09283684490586118)	(8.0, 0.10585664632558561)	(9.0, 0.11038527290635931)	(10.0, 0.10812095961597247)	(11.0, 0.1013280197448119)	(12.0, 0.11038527290635931)	(13.0, 0.11434782116453632)	(14.0, 0.1137817428419396)	(15.0, 0.10472448968039218)	(16.0, 0.10812095961597247)	(17.0, 0.11604605613232646)	(18.0, 0.10302625471260204)	(19.0, 0.09510115819624804)	(20.0, 0.10981919458376262)	(21.0, 0.12906585755205088)	(22.0, 0.16699310516603078)	(23.0, 0.2383189738132168)	(24.0, 0.2745479864594065)	(25.0, 0.3011536676214521)	(26.0, 0.3968209041402968)	(27.0, 0.5185277434985904)	(28.0, 0.616459293307822)	(29.0, 0.7370339760209222)	(30.0, 0.8904412014446319)	(31.0, 0.9515776602850771)	(32.0, 1.0291303904808269)	(33.0, 1.1780089893237629)	(34.0, 1.3070748468758135)	(35.0, 1.427649529588914)	(36.0, 1.5453938206890305)	(37.0, 1.6506843886920193)	(38.0, 1.7299353538555595)	(39.0, 1.818243572180647)	(40.0, 1.8957963023763968)	(41.0, 1.9959921654760153)	(42.0, 2.0412784312837524)	(43.0, 2.029956864831818)	(44.0, 2.081469992188119)	(45.0, 2.232046825998845)	(46.0, 2.3158264177431587)	(47.0, 2.2739366218710018)	(48.0, 2.272804465225809)	(49.0, 2.2875225016133234)	(50.0, 2.2377076092248127)	(51.0, 2.262615055419068)	(52.0, 2.3622448401960896)	(53.0, 2.424513455681728)	(54.0, 2.5660330363309067)	(55.0, 2.56376872304052)	(56.0, 2.4120597325846003)	(57.0, 2.4364011004562593)	(58.0, 2.6758522309146695)	(59.0, 3.31325642215857)	(60.0, 4.1470897913435305)	(61.0, 5.558889127899736)	(62.0, 5.824945939520192)	(63.0, 4.874500435880309)	(64.0, 4.385974843479344)	(65.0, 3.0070080496337472)	(66.0, 1.594076556432348)	(67.0, 1.0478109751265186)	(68.0, 0.7591110306021941)	(69.0, 0.6051377268558877)	(70.0, 0.45965559794853217)	(71.0, 0.35040248168736626)	(72.0, 0.31473954736377324)	(73.0, 0.2660568116204558)	(74.0, 0.1613323219400636)	(75.0, 0.1086870379385692)	(76.0, 0.11264958619674617)	(77.0, 0.11038527290635931)	(78.0, 0.09849762813182832)	(79.0, 0.06623116374381559)	(80.0, 0.06170253716304188)	(81.0, 0.07302410361497616)	(82.0, 0.10189409806740861)	(83.0, 0.09679939316403818)	(84.0, 0.05264528400149445)	(85.0, 0.045286265807737154)	(86.0, 0.03736116929138315)	(87.0, 0.01641627135530472)	(88.0, 0.007925096516354004)	(89.0, 0.0033964699355802873)	(90.0, 0.001132156645193429)	(91.0, 0.001132156645193429)	(92.0, 0.0)	(93.0, 0.0)	(94.0, 0.0)	(95.0, 0.0005660783225967144)	(96.0, 0.002830391612983572)	(97.0, 0.003962548258177002)	(98.0, 0.007359018193757288)	(99.0, 0.028869994452432438)	(100.0, 0.1449160505847589)
